hostel_id,hostel_name,gender_type,state,city,ac_type,sharing_type,price_per_month_inr,total_beds,vacant_beds,vacancy_status,food_included,rating,verified,distance_from_city_center_km,amenities
1,Yamini Manor,Girls,Andhra Pradesh,Visakhapatnam,Non-AC,Single,17500,1,0,Full,Yes,3.1,No,3.5,"Laundry, Balcony, RO Water, Food Included, Power Backup, Gym Access"
1,Yamini Manor,Girls,Andhra Pradesh,Visakhapatnam,Non-AC,Double,6500,2,2,Available,No,3.1,Yes,0.6,"TV, RO Water, CCTV Surveillance, Power Backup, Fire Safety, Refrigerator"
2,Maple Nivas,Girls,Andhra Pradesh,Visakhapatnam,Non-AC,Double,14700,2,0,Full,Yes,4.0,No,6.3,"Security Guard, Lift, Study Table, TV, Hot Water Geyser, Wardrobe, Laundry, Balcony"
2,Maple Nivas,Girls,Andhra Pradesh,Visakhapatnam,Non-AC,Four Sharing,5100,4,0,Full,No,4.1,No,5.9,"Fire Safety, Laundry, Power Backup, Attached Bathroom, RO Water, Security Guard, Wardrobe"
2,Maple Nivas,Girls,Andhra Pradesh,Visakhapatnam,Non-AC,Single,13600,1,0,Full,No,3.8,Yes,6.2,"Washing Machine, Fire Safety, Study Table, Gym Access, Lift, Food Included, RO Water, Attached Bathroom, CCTV Surveillance"
2,Maple Nivas,Girls,Andhra Pradesh,Visakhapatnam,Non-AC,Triple,8000,3,0,Full,Yes,4.5,No,5.2,"Lift, TV, Wardrobe, Study Table, WiFi, Hot Water Geyser, Parking, Laundry, Security Guard, Food Included"
3,Meghana Living,Girls,Andhra Pradesh,Vijayawada,AC,Four Sharing,7200,4,0,Full,Yes,3.9,No,7.1,"Balcony, Refrigerator, RO Water, Study Table, Wardrobe, Power Backup, Laundry, Food Included"
3,Meghana Living,Girls,Andhra Pradesh,Vijayawada,AC,Double,8300,2,0,Full,Yes,4.3,Yes,4.0,"Parking, Refrigerator, TV, WiFi, CCTV Surveillance, Housekeeping, Security Guard, Fire Safety, Balcony"
4,Keerthi Hostel,Girls,Andhra Pradesh,Vijayawada,Non-AC,Four Sharing,4000,4,3,Available,No,3.1,Yes,7.9,"Parking, Power Backup, Washing Machine, Food Included, Security Guard, WiFi, TV, Laundry"
4,Keerthi Hostel,Girls,Andhra Pradesh,Vijayawada,Non-AC,Double,14200,2,0,Full,No,4.2,Yes,7.0,"Wardrobe, CCTV Surveillance, Refrigerator, Study Table, Attached Bathroom, Hot Water Geyser, Food Included, RO Water, Lift"
4,Keerthi Hostel,Girls,Andhra Pradesh,Vijayawada,Non-AC,Triple,8000,3,3,Available,No,3.6,Yes,1.0,"Refrigerator, Gym Access, Parking, Attached Bathroom, WiFi, Power Backup, Fire Safety"
4,Keerthi Hostel,Girls,Andhra Pradesh,Vijayawada,Non-AC,Single,13900,1,0,Full,Yes,4.5,No,7.8,"Refrigerator, Attached Bathroom, Study Table, Parking, Balcony"
5,Hill Comforts,Girls,Andhra Pradesh,Guntur,Non-AC,Double,8700,2,2,Available,No,3.7,Yes,7.9,"Gym Access, Refrigerator, Housekeeping, Study Table, Lift, Wardrobe, Attached Bathroom"
5,Hill Comforts,Girls,Andhra Pradesh,Guntur,Non-AC,Single,13700,1,1,Available,Yes,3.4,Yes,3.9,"Housekeeping, Gym Access, WiFi, Security Guard, Study Table, Wardrobe, Washing Machine"
5,Hill Comforts,Girls,Andhra Pradesh,Guntur,Non-AC,Four Sharing,3800,4,0,Full,No,4.6,Yes,3.9,"RO Water, Washing Machine, Laundry, Wardrobe, Lift, Housekeeping"
5,Hill Comforts,Girls,Andhra Pradesh,Guntur,Non-AC,Triple,10200,3,0,Full,Yes,3.3,Yes,0.4,"Lift, CCTV Surveillance, Gym Access, Study Table, Security Guard, Refrigerator, Fire Safety, Laundry, WiFi"
6,Sindhura Nilayam,Girls,Andhra Pradesh,Guntur,AC,Double,9600,2,0,Full,No,4.0,No,2.2,"CCTV Surveillance, Food Included, Study Table, Lift, RO Water, Gym Access, Refrigerator, Laundry"
6,Sindhura Nilayam,Girls,Andhra Pradesh,Guntur,AC,Single,16700,1,0,Full,Yes,4.7,Yes,4.9,"Parking, CCTV Surveillance, Gym Access, Power Backup, Food Included, Fire Safety"
7,Rajeswari Mansion,Girls,Andhra Pradesh,Tirupati,Non-AC,Single,11100,1,1,Available,Yes,4.5,No,4.6,"Lift, Washing Machine, Attached Bathroom, Balcony, Housekeeping"
7,Rajeswari Mansion,Girls,Andhra Pradesh,Tirupati,Non-AC,Four Sharing,5400,4,3,Available,No,4.0,Yes,5.7,"Balcony, Housekeeping, Lift, CCTV Surveillance, RO Water, Food Included, Security Guard"
8,Bhargavi Stay,Girls,Andhra Pradesh,Tirupati,AC,Triple,10500,3,1,Available,No,3.3,Yes,7.7,"Power Backup, Wardrobe, Gym Access, Parking, Hot Water Geyser, Laundry"
8,Bhargavi Stay,Girls,Andhra Pradesh,Tirupati,AC,Single,19500,1,1,Available,No,3.7,Yes,3.0,"Study Table, WiFi, Washing Machine, Lift, Attached Bathroom"
9,Rose Comforts,Girls,Arunachal Pradesh,Itanagar,Non-AC,Single,9700,1,0,Full,No,3.5,Yes,2.3,"RO Water, Refrigerator, Wardrobe, CCTV Surveillance, Gym Access, Study Table"
9,Rose Comforts,Girls,Arunachal Pradesh,Itanagar,Non-AC,Four Sharing,5800,4,0,Full,No,3.1,Yes,3.5,"Refrigerator, WiFi, Laundry, Fire Safety, Balcony"
9,Rose Comforts,Girls,Arunachal Pradesh,Itanagar,Non-AC,Triple,9100,3,1,Available,Yes,3.5,Yes,3.7,"Balcony, RO Water, Refrigerator, CCTV Surveillance, Food Included, Fire Safety, Study Table"
10,Divya Homes,Girls,Arunachal Pradesh,Itanagar,AC,Double,10400,2,2,Available,Yes,3.6,Yes,2.3,"Refrigerator, Food Included, WiFi, Balcony, Housekeeping"
10,Divya Homes,Girls,Arunachal Pradesh,Itanagar,AC,Four Sharing,7400,4,3,Available,Yes,4.9,Yes,5.3,"RO Water, Gym Access, Balcony, Wardrobe, TV, Study Table, Power Backup, Fire Safety, Parking, Attached Bathroom"
11,Crystal Manor,Girls,Arunachal Pradesh,Naharlagun,Non-AC,Double,6600,2,2,Available,No,3.9,Yes,0.9,"Attached Bathroom, TV, Hot Water Geyser, Security Guard, Food Included, Balcony, Laundry, RO Water"
11,Crystal Manor,Girls,Arunachal Pradesh,Naharlagun,Non-AC,Single,12400,1,1,Available,Yes,3.5,No,7.8,"Washing Machine, Hot Water Geyser, Food Included, TV, Housekeeping, Parking, Laundry, WiFi, Lift"
12,Mounika Lodge,Girls,Arunachal Pradesh,Naharlagun,Non-AC,Double,5500,2,0,Full,No,4.6,Yes,3.3,"Wardrobe, WiFi, TV, Balcony, Hot Water Geyser"
12,Mounika Lodge,Girls,Arunachal Pradesh,Naharlagun,Non-AC,Triple,4800,3,1,Available,No,4.5,No,1.4,"Fire Safety, CCTV Surveillance, Food Included, Attached Bathroom, RO Water, Study Table, Lift, Wardrobe, Refrigerator, Laundry"
13,River PG,Girls,Arunachal Pradesh,Pasighat,Non-AC,Double,7600,2,2,Available,No,4.9,No,6.7,"Food Included, WiFi, Balcony, Hot Water Geyser, Gym Access, CCTV Surveillance, Security Guard, Attached Bathroom, Fire Safety"
13,River PG,Girls,Arunachal Pradesh,Pasighat,Non-AC,Single,20200,1,0,Full,Yes,4.5,No,2.2,"Refrigerator, Hot Water Geyser, Housekeeping, Security Guard, Lift"
13,River PG,Girls,Arunachal Pradesh,Pasighat,Non-AC,Triple,8200,3,3,Available,Yes,4.0,No,6.2,"Housekeeping, Laundry, CCTV Surveillance, Washing Machine, Refrigerator, Attached Bathroom, Study Table, RO Water, Balcony"
13,River PG,Girls,Arunachal Pradesh,Pasighat,Non-AC,Four Sharing,8200,4,4,Available,Yes,3.0,Yes,4.0,"Power Backup, Housekeeping, Gym Access, TV, Attached Bathroom, Hot Water Geyser, Lift, RO Water, Food Included, Refrigerator"
14,Manasa Mansion,Girls,Arunachal Pradesh,Pasighat,AC,Single,12400,1,1,Available,Yes,4.8,Yes,0.8,"CCTV Surveillance, Attached Bathroom, Refrigerator, Study Table, Fire Safety"
14,Manasa Mansion,Girls,Arunachal Pradesh,Pasighat,AC,Triple,9100,3,2,Available,Yes,4.4,Yes,4.1,"Wardrobe, WiFi, Parking, Security Guard, Gym Access, Washing Machine, Hot Water Geyser, Housekeeping"
14,Manasa Mansion,Girls,Arunachal Pradesh,Pasighat,AC,Double,10400,2,2,Available,Yes,3.8,No,2.7,"WiFi, Washing Machine, Security Guard, Wardrobe, Power Backup, Lift, Gym Access"
15,Central Lodge,Girls,Assam,Guwahati,AC,Four Sharing,6100,4,3,Available,No,4.7,No,1.0,"TV, CCTV Surveillance, Hot Water Geyser, Refrigerator, RO Water, Attached Bathroom, Parking, Power Backup, Gym Access, Housekeeping"
15,Central Lodge,Girls,Assam,Guwahati,AC,Triple,4400,3,3,Available,Yes,4.4,Yes,7.5,"Lift, CCTV Surveillance, TV, Gym Access, Food Included, Fire Safety, Refrigerator, Laundry"
15,Central Lodge,Girls,Assam,Guwahati,AC,Single,10700,1,1,Available,No,3.7,No,2.2,"Refrigerator, Wardrobe, Hot Water Geyser, TV, Gym Access, Fire Safety, Washing Machine, Housekeeping, Food Included, Laundry"
16,Bhargavi House,Girls,Assam,Guwahati,Non-AC,Double,12800,2,1,Available,Yes,4.1,Yes,0.9,"Balcony, Laundry, Washing Machine, Hot Water Geyser, Study Table, CCTV Surveillance, Wardrobe"
16,Bhargavi House,Girls,Assam,Guwahati,Non-AC,Four Sharing,7800,4,1,Available,Yes,4.5,No,3.2,"Attached Bathroom, Housekeeping, Wardrobe, Refrigerator, Washing Machine, Balcony, WiFi, Hot Water Geyser, CCTV Surveillance, TV"
16,Bhargavi House,Girls,Assam,Guwahati,Non-AC,Triple,7100,3,1,Available,Yes,3.2,Yes,3.2,"Lift, RO Water, TV, WiFi, CCTV Surveillance, Attached Bathroom, Housekeeping, Study Table, Hot Water Geyser, Balcony"
17,Bhargavi Manor,Girls,Assam,Silchar,Non-AC,Four Sharing,5000,4,1,Available,Yes,4.0,Yes,7.5,"Lift, Laundry, Balcony, Food Included, WiFi, Wardrobe, Security Guard, Power Backup, TV, Gym Access"
17,Bhargavi Manor,Girls,Assam,Silchar,Non-AC,Double,10400,2,0,Full,No,4.1,No,5.6,"Power Backup, Laundry, TV, Attached Bathroom, Housekeeping"
17,Bhargavi Manor,Girls,Assam,Silchar,Non-AC,Single,14300,1,1,Available,Yes,4.6,Yes,0.3,"Lift, Refrigerator, Washing Machine, Hot Water Geyser, Gym Access, Security Guard, Power Backup"
17,Bhargavi Manor,Girls,Assam,Silchar,Non-AC,Triple,8600,3,1,Available,Yes,4.9,No,0.6,"Gym Access, RO Water, Laundry, Refrigerator, Hot Water Geyser, Washing Machine"
18,Alekhya Stay,Girls,Assam,Silchar,Non-AC,Triple,9700,3,3,Available,Yes,3.0,No,6.0,"Laundry, Housekeeping, Gym Access, Security Guard, TV, Wardrobe, RO Water, Power Backup, Lift"
18,Alekhya Stay,Girls,Assam,Silchar,Non-AC,Four Sharing,7000,4,1,Available,No,4.5,No,1.1,"Gym Access, Parking, Hot Water Geyser, Fire Safety, RO Water, Lift, Washing Machine, WiFi, TV"
18,Alekhya Stay,Girls,Assam,Silchar,Non-AC,Double,7800,2,1,Available,Yes,3.4,Yes,3.4,"Food Included, Parking, Wardrobe, Lift, Washing Machine, Study Table, Fire Safety, RO Water, Laundry, Security Guard"
18,Alekhya Stay,Girls,Assam,Silchar,Non-AC,Single,11100,1,0,Full,No,3.1,No,6.7,"Lift, Parking, Power Backup, WiFi, Laundry, CCTV Surveillance, Food Included"
19,Divya House,Girls,Assam,Dibrugarh,AC,Four Sharing,7000,4,1,Available,No,4.1,No,1.7,"Gym Access, WiFi, RO Water, Hot Water Geyser, Wardrobe, Security Guard, Housekeeping"
19,Divya House,Girls,Assam,Dibrugarh,AC,Single,8500,1,1,Available,Yes,4.6,Yes,2.2,"Laundry, Washing Machine, Study Table, Refrigerator, Security Guard, TV, WiFi, CCTV Surveillance, Balcony, Parking"
19,Divya House,Girls,Assam,Dibrugarh,AC,Triple,6400,3,2,Available,Yes,4.4,Yes,0.4,"Power Backup, Gym Access, Lift, Wardrobe, Refrigerator, Balcony"
20,Navya Nilayam,Girls,Assam,Dibrugarh,Non-AC,Single,12900,1,0,Full,Yes,3.7,No,3.8,"Laundry, Attached Bathroom, Housekeeping, Wardrobe, Parking, Power Backup, Balcony, Food Included, Washing Machine"
20,Navya Nilayam,Girls,Assam,Dibrugarh,Non-AC,Triple,4400,3,3,Available,No,3.3,No,7.1,"Refrigerator, Laundry, Housekeeping, Power Backup, RO Water"
21,Kavya Homes,Girls,Assam,Jorhat,AC,Four Sharing,7600,4,0,Full,No,3.6,No,3.1,"Refrigerator, Housekeeping, Lift, Hot Water Geyser, Parking, Power Backup, Balcony, Laundry, CCTV Surveillance, TV"
21,Kavya Homes,Girls,Assam,Jorhat,AC,Triple,5700,3,2,Available,Yes,3.8,Yes,4.2,"Power Backup, Lift, Food Included, Fire Safety, WiFi, Hot Water Geyser"
21,Kavya Homes,Girls,Assam,Jorhat,AC,Single,21400,1,0,Full,No,4.8,Yes,7.0,"Power Backup, Food Included, Housekeeping, Balcony, Laundry, Parking"
22,Sirisha Cottage,Girls,Assam,Jorhat,Non-AC,Single,8600,1,1,Available,No,3.3,Yes,8.0,"Fire Safety, Housekeeping, WiFi, Washing Machine, RO Water"
22,Sirisha Cottage,Girls,Assam,Jorhat,Non-AC,Four Sharing,6200,4,1,Available,No,3.2,Yes,6.4,"Gym Access, Laundry, RO Water, Power Backup, Wardrobe, Washing Machine, Refrigerator, Security Guard, Lift"
22,Sirisha Cottage,Girls,Assam,Jorhat,Non-AC,Double,14200,2,0,Full,Yes,3.8,No,3.4,"TV, RO Water, Food Included, Fire Safety, Study Table, Housekeeping, Lift"
22,Sirisha Cottage,Girls,Assam,Jorhat,Non-AC,Triple,4300,3,2,Available,Yes,3.8,No,1.8,"RO Water, Parking, Fire Safety, Power Backup, Laundry"
23,Alekhya Cottage,Girls,Bihar,Patna,Non-AC,Single,17000,1,0,Full,No,3.2,No,6.0,"CCTV Surveillance, Study Table, TV, Parking, Attached Bathroom, Lift"
23,Alekhya Cottage,Girls,Bihar,Patna,Non-AC,Four Sharing,3700,4,0,Full,No,4.0,Yes,2.6,"Gym Access, Washing Machine, Food Included, Wardrobe, Laundry"
24,Pearl Stay,Girls,Bihar,Patna,Non-AC,Double,6100,2,1,Available,Yes,3.8,Yes,1.4,"Housekeeping, Food Included, Balcony, Security Guard, Washing Machine, Attached Bathroom, Fire Safety, TV, Hot Water Geyser, Refrigerator"
24,Pearl Stay,Girls,Bihar,Patna,Non-AC,Four Sharing,8300,4,2,Available,No,3.6,Yes,3.5,"Study Table, Lift, Attached Bathroom, Security Guard, Parking, WiFi, Balcony, TV, Hot Water Geyser, Fire Safety"
24,Pearl Stay,Girls,Bihar,Patna,Non-AC,Single,11800,1,1,Available,No,4.7,No,3.3,"CCTV Surveillance, Study Table, RO Water, Security Guard, Laundry"
24,Pearl Stay,Girls,Bihar,Patna,Non-AC,Triple,10700,3,3,Available,Yes,3.1,Yes,0.8,"Washing Machine, Attached Bathroom, Laundry, Food Included, Wardrobe, Fire Safety, Gym Access, Balcony, WiFi, Security Guard"
25,Blue House,Girls,Bihar,Gaya,AC,Triple,4700,3,2,Available,No,3.3,No,7.3,"CCTV Surveillance, Refrigerator, Attached Bathroom, Gym Access, Housekeeping, TV, Fire Safety, Lift"
25,Blue House,Girls,Bihar,Gaya,AC,Single,16200,1,0,Full,No,3.7,Yes,1.6,"Refrigerator, Washing Machine, Wardrobe, Parking, Fire Safety, Food Included"
25,Blue House,Girls,Bihar,Gaya,AC,Four Sharing,7500,4,0,Full,No,4.9,No,4.5,"Power Backup, Refrigerator, Balcony, Wardrobe, Study Table, CCTV Surveillance, Housekeeping, Parking, TV"
26,Harika Residency,Girls,Bihar,Gaya,AC,Single,21400,1,1,Available,No,4.3,No,5.9,"Food Included, Hot Water Geyser, CCTV Surveillance, TV, RO Water, Housekeeping, Refrigerator, Parking, WiFi, Laundry"
26,Harika Residency,Girls,Bihar,Gaya,AC,Double,13500,2,0,Full,Yes,3.0,Yes,4.6,"Power Backup, Attached Bathroom, Study Table, Hot Water Geyser, RO Water, TV, CCTV Surveillance"
27,Meghana Palace,Girls,Bihar,Bhagalpur,Non-AC,Double,9400,2,2,Available,Yes,3.9,Yes,5.2,"Refrigerator, Wardrobe, Fire Safety, WiFi, Food Included, Washing Machine, RO Water, Balcony, Parking, TV"
27,Meghana Palace,Girls,Bihar,Bhagalpur,Non-AC,Single,18500,1,1,Available,No,3.5,Yes,0.5,"WiFi, Wardrobe, Parking, Hot Water Geyser, Balcony, Fire Safety, Security Guard, Food Included, Lift"
27,Meghana Palace,Girls,Bihar,Bhagalpur,Non-AC,Triple,9200,3,1,Available,Yes,3.8,No,6.5,"Attached Bathroom, TV, Laundry, Security Guard, Food Included, Lift"
28,Meadow PG,Girls,Bihar,Bhagalpur,AC,Four Sharing,4600,4,1,Available,Yes,3.5,Yes,1.2,"Refrigerator, Food Included, Fire Safety, RO Water, Balcony, CCTV Surveillance, Washing Machine, Power Backup, Security Guard, Gym Access"
28,Meadow PG,Girls,Bihar,Bhagalpur,AC,Single,8200,1,0,Full,No,4.8,Yes,7.6,"Washing Machine, Housekeeping, Wardrobe, Fire Safety, Hot Water Geyser, Security Guard, RO Water, Attached Bathroom, Study Table, Balcony"
28,Meadow PG,Girls,Bihar,Bhagalpur,AC,Double,14200,2,1,Available,No,4.7,Yes,6.9,"Hot Water Geyser, Security Guard, TV, Housekeeping, Wardrobe, Balcony, Lift, Food Included"
29,Pranathi Nilayam,Girls,Bihar,Muzaffarpur,AC,Single,10600,1,1,Available,Yes,4.4,Yes,0.5,"Food Included, Laundry, Fire Safety, Security Guard, Study Table, Power Backup, RO Water, Refrigerator, Washing Machine, Balcony"
29,Pranathi Nilayam,Girls,Bihar,Muzaffarpur,AC,Triple,10300,3,3,Available,Yes,3.5,Yes,1.1,"Laundry, TV, Gym Access, Power Backup, CCTV Surveillance"
30,Jyothi Lodge,Girls,Bihar,Muzaffarpur,AC,Triple,6800,3,3,Available,No,4.2,Yes,6.4,"RO Water, Attached Bathroom, Power Backup, Study Table, Gym Access"
30,Jyothi Lodge,Girls,Bihar,Muzaffarpur,AC,Single,19500,1,0,Full,Yes,4.4,Yes,4.7,"Parking, RO Water, WiFi, Attached Bathroom, Housekeeping, CCTV Surveillance, Wardrobe"
30,Jyothi Lodge,Girls,Bihar,Muzaffarpur,AC,Double,6300,2,0,Full,No,4.0,No,5.6,"Gym Access, Security Guard, Study Table, Attached Bathroom, Refrigerator, TV"
31,Central House,Girls,Chhattisgarh,Raipur,Non-AC,Four Sharing,4100,4,0,Full,No,4.6,Yes,5.1,"Power Backup, Wardrobe, Security Guard, Laundry, RO Water, Lift, Washing Machine"
31,Central House,Girls,Chhattisgarh,Raipur,Non-AC,Single,8400,1,1,Available,Yes,3.6,No,7.2,"Parking, Wardrobe, Hot Water Geyser, Lift, CCTV Surveillance, Refrigerator, TV, Security Guard, Study Table"
32,Elite Palace,Girls,Chhattisgarh,Raipur,Non-AC,Double,13000,2,1,Available,No,4.2,Yes,2.8,"Hot Water Geyser, Attached Bathroom, Housekeeping, Refrigerator, TV, Wardrobe, Study Table, Gym Access, Laundry, RO Water"
32,Elite Palace,Girls,Chhattisgarh,Raipur,Non-AC,Four Sharing,5200,4,2,Available,No,3.3,No,7.7,"Power Backup, Parking, Fire Safety, Housekeeping, Wardrobe, Laundry, Lift"
32,Elite Palace,Girls,Chhattisgarh,Raipur,Non-AC,Triple,10700,3,2,Available,No,3.9,Yes,1.1,"Refrigerator, Housekeeping, Wardrobe, Lift, Food Included"
32,Elite Palace,Girls,Chhattisgarh,Raipur,Non-AC,Single,8200,1,1,Available,No,4.4,No,3.8,"Refrigerator, Wardrobe, WiFi, Hot Water Geyser, RO Water, Study Table"
33,Charitha Stay,Girls,Chhattisgarh,Bhilai,Non-AC,Double,12900,2,1,Available,No,3.5,Yes,7.2,"Wardrobe, Parking, Refrigerator, RO Water, Gym Access, Hot Water Geyser"
33,Charitha Stay,Girls,Chhattisgarh,Bhilai,Non-AC,Triple,4300,3,3,Available,Yes,4.8,No,6.3,"Gym Access, Power Backup, Food Included, Refrigerator, Housekeeping, Laundry, Study Table, Wardrobe"
33,Charitha Stay,Girls,Chhattisgarh,Bhilai,Non-AC,Single,11200,1,1,Available,Yes,4.7,No,4.4,"Gym Access, Attached Bathroom, WiFi, Study Table, Washing Machine, Housekeeping, Security Guard, Hot Water Geyser, Power Backup, Fire Safety"
33,Charitha Stay,Girls,Chhattisgarh,Bhilai,Non-AC,Four Sharing,4700,4,3,Available,Yes,4.5,No,5.2,"Refrigerator, Wardrobe, Security Guard, Food Included, WiFi, Attached Bathroom, Housekeeping"
34,Ocean Lodge,Girls,Chhattisgarh,Bhilai,AC,Four Sharing,6400,4,3,Available,Yes,3.3,Yes,6.5,"Housekeeping, Gym Access, Balcony, Hot Water Geyser, CCTV Surveillance, Parking, Washing Machine, RO Water, Fire Safety, Attached Bathroom"
34,Ocean Lodge,Girls,Chhattisgarh,Bhilai,AC,Triple,6600,3,1,Available,No,3.7,Yes,2.3,"Refrigerator, RO Water, Parking, Gym Access, WiFi, Wardrobe, Study Table, Lift"
34,Ocean Lodge,Girls,Chhattisgarh,Bhilai,AC,Single,12600,1,1,Available,Yes,4.3,No,3.9,"Fire Safety, Laundry, Study Table, CCTV Surveillance, TV, RO Water, Housekeeping, WiFi"
35,Sowmya Comforts,Girls,Chhattisgarh,Bilaspur,Non-AC,Triple,8900,3,0,Full,Yes,3.4,Yes,5.3,"Fire Safety, Power Backup, CCTV Surveillance, Hot Water Geyser, Parking, Wardrobe, Attached Bathroom"
35,Sowmya Comforts,Girls,Chhattisgarh,Bilaspur,Non-AC,Four Sharing,6000,4,1,Available,Yes,4.8,Yes,5.0,"Fire Safety, Laundry, Balcony, TV, Housekeeping, Hot Water Geyser, Study Table, Power Backup, Refrigerator, Food Included"
36,Birch Nivas,Girls,Chhattisgarh,Bilaspur,Non-AC,Four Sharing,7000,4,3,Available,Yes,4.0,Yes,5.7,"Gym Access, Parking, Balcony, WiFi, Security Guard, RO Water"
36,Birch Nivas,Girls,Chhattisgarh,Bilaspur,Non-AC,Single,13200,1,1,Available,No,4.3,No,3.1,"Laundry, Parking, Study Table, WiFi, Attached Bathroom, TV, Gym Access, Washing Machine"
36,Birch Nivas,Girls,Chhattisgarh,Bilaspur,Non-AC,Triple,10200,3,2,Available,Yes,4.0,No,6.1,"Food Included, Housekeeping, RO Water, CCTV Surveillance, Washing Machine, Fire Safety"
37,Palm Comforts,Girls,Chhattisgarh,Durg,Non-AC,Double,12400,2,1,Available,Yes,4.7,No,3.0,"Wardrobe, Washing Machine, Attached Bathroom, Refrigerator, Study Table, Power Backup, Security Guard, Hot Water Geyser"
37,Palm Comforts,Girls,Chhattisgarh,Durg,Non-AC,Four Sharing,4100,4,2,Available,Yes,3.6,No,1.2,"Laundry, Food Included, Wardrobe, Balcony, Security Guard, Housekeeping, CCTV Surveillance, Gym Access, WiFi, Study Table"
37,Palm Comforts,Girls,Chhattisgarh,Durg,Non-AC,Triple,5700,3,3,Available,Yes,4.6,No,5.0,"Fire Safety, Laundry, Housekeeping, Food Included, Lift, Washing Machine, Wardrobe, Security Guard, Attached Bathroom, Gym Access"
37,Palm Comforts,Girls,Chhattisgarh,Durg,Non-AC,Single,10900,1,0,Full,No,4.5,Yes,3.1,"TV, Balcony, Refrigerator, Fire Safety, Parking, Housekeeping"
38,Sasi Villa,Girls,Chhattisgarh,Durg,Non-AC,Single,20600,1,1,Available,No,3.9,Yes,5.5,"Security Guard, CCTV Surveillance, Gym Access, RO Water, Power Backup, Food Included, Washing Machine, Hot Water Geyser, Balcony"
38,Sasi Villa,Girls,Chhattisgarh,Durg,Non-AC,Double,7900,2,2,Available,Yes,3.9,Yes,5.5,"Laundry, Housekeeping, Power Backup, CCTV Surveillance, Gym Access"
38,Sasi Villa,Girls,Chhattisgarh,Durg,Non-AC,Four Sharing,3300,4,2,Available,Yes,3.9,Yes,7.4,"CCTV Surveillance, Laundry, TV, Gym Access, Lift, Washing Machine, Fire Safety"
38,Sasi Villa,Girls,Chhattisgarh,Durg,Non-AC,Triple,4600,3,0,Full,Yes,3.1,Yes,3.2,"Fire Safety, Parking, Gym Access, Food Included, Washing Machine, Security Guard, TV"
39,Meadow Homes,Girls,Goa,Panaji,AC,Triple,5500,3,3,Available,No,3.8,No,7.6,"Washing Machine, TV, Refrigerator, Food Included, Fire Safety, RO Water, Security Guard, Study Table, WiFi"
39,Meadow Homes,Girls,Goa,Panaji,AC,Four Sharing,4400,4,4,Available,No,4.2,Yes,3.1,"Wardrobe, Hot Water Geyser, Lift, TV, WiFi, Parking, CCTV Surveillance, RO Water, Housekeeping, Laundry"
40,Lakshmi Living,Girls,Goa,Panaji,Non-AC,Double,14200,2,0,Full,No,4.6,Yes,6.3,"Hot Water Geyser, TV, Food Included, Wardrobe, Lift, Study Table, Power Backup, CCTV Surveillance, Security Guard, WiFi"
40,Lakshmi Living,Girls,Goa,Panaji,Non-AC,Four Sharing,6300,4,3,Available,Yes,4.1,No,6.2,"Wardrobe, Security Guard, Attached Bathroom, Refrigerator, Washing Machine, Hot Water Geyser"
40,Lakshmi Living,Girls,Goa,Panaji,Non-AC,Triple,8300,3,1,Available,Yes,3.4,Yes,1.6,"TV, Study Table, Security Guard, Wardrobe, CCTV Surveillance, Power Backup, WiFi, Hot Water Geyser, Parking, Food Included"
40,Lakshmi Living,Girls,Goa,Panaji,Non-AC,Single,14000,1,1,Available,Yes,3.3,Yes,2.9,"Fire Safety, WiFi, Power Backup, Food Included, Housekeeping, RO Water, Lift, TV, Hot Water Geyser"
41,Meghana Lodge,Girls,Goa,Margao,Non-AC,Four Sharing,8000,4,4,Available,Yes,3.5,Yes,2.8,"Wardrobe, Laundry, WiFi, Food Included, Attached Bathroom, Refrigerator"
41,Meghana Lodge,Girls,Goa,Margao,Non-AC,Single,14000,1,1,Available,No,4.9,Yes,6.9,"Wardrobe, Power Backup, Laundry, Refrigerator, Washing Machine, TV, Security Guard, Gym Access, Food Included, Fire Safety"
41,Meghana Lodge,Girls,Goa,Margao,Non-AC,Double,13700,2,1,Available,Yes,3.9,Yes,3.1,"Hot Water Geyser, Parking, Food Included, Refrigerator, Study Table, WiFi"
42,Comfort Hostel,Girls,Goa,Margao,AC,Four Sharing,5800,4,0,Full,Yes,4.4,No,4.8,"Power Backup, Gym Access, Washing Machine, Study Table, Refrigerator, Housekeeping, Food Included, Parking"
42,Comfort Hostel,Girls,Goa,Margao,AC,Single,15800,1,1,Available,Yes,3.9,Yes,7.3,"Lift, Housekeeping, Food Included, Parking, Hot Water Geyser"
42,Comfort Hostel,Girls,Goa,Margao,AC,Triple,4800,3,2,Available,Yes,4.6,Yes,7.4,"WiFi, Laundry, Lift, Washing Machine, Attached Bathroom, RO Water, Power Backup, Hot Water Geyser"
42,Comfort Hostel,Girls,Goa,Margao,AC,Double,7300,2,2,Available,No,3.3,Yes,5.9,"Lift, Balcony, CCTV Surveillance, Fire Safety, Security Guard, Gym Access"
43,Sruthi Nilayam,Girls,Goa,Vasco da Gama,AC,Triple,8200,3,0,Full,No,3.9,No,1.1,"Food Included, Housekeeping, Balcony, Gym Access, TV, Fire Safety, CCTV Surveillance, Wardrobe, Power Backup"
43,Sruthi Nilayam,Girls,Goa,Vasco da Gama,AC,Double,11400,2,1,Available,No,5.0,Yes,1.0,"RO Water, Parking, Food Included, TV, CCTV Surveillance, Washing Machine, WiFi"
43,Sruthi Nilayam,Girls,Goa,Vasco da Gama,AC,Single,15200,1,1,Available,Yes,3.9,No,1.6,"Food Included, RO Water, Housekeeping, Refrigerator, Parking, Laundry, Security Guard, Lift"
43,Sruthi Nilayam,Girls,Goa,Vasco da Gama,AC,Four Sharing,7400,4,1,Available,Yes,3.4,Yes,6.7,"Gym Access, Refrigerator, Parking, Housekeeping, CCTV Surveillance, TV, Washing Machine, Study Table, RO Water"
44,Park Living,Girls,Goa,Vasco da Gama,AC,Four Sharing,3600,4,4,Available,No,3.7,No,0.9,"Gym Access, CCTV Surveillance, Refrigerator, Hot Water Geyser, Parking, TV, RO Water, Fire Safety"
44,Park Living,Girls,Goa,Vasco da Gama,AC,Triple,4500,3,1,Available,No,4.1,Yes,3.0,"Attached Bathroom, Laundry, Power Backup, Study Table, Hot Water Geyser, RO Water, Lift, Parking"
45,Rose Hostel,Girls,Gujarat,Ahmedabad,AC,Four Sharing,7400,4,0,Full,Yes,3.0,Yes,1.9,"Parking, Power Backup, TV, Refrigerator, WiFi, Gym Access"
45,Rose Hostel,Girls,Gujarat,Ahmedabad,AC,Double,7000,2,2,Available,Yes,3.5,No,4.3,"Lift, Power Backup, Study Table, Security Guard, Parking, WiFi, CCTV Surveillance, Food Included, Hot Water Geyser, Balcony"
46,Sravani Nivas,Girls,Gujarat,Ahmedabad,AC,Double,9200,2,0,Full,No,4.5,Yes,7.6,"Wardrobe, RO Water, Attached Bathroom, Food Included, Fire Safety"
46,Sravani Nivas,Girls,Gujarat,Ahmedabad,AC,Triple,4600,3,2,Available,No,3.8,No,5.8,"Washing Machine, Wardrobe, Balcony, Food Included, Fire Safety, Refrigerator, Laundry, Gym Access, Parking"
46,Sravani Nivas,Girls,Gujarat,Ahmedabad,AC,Single,12000,1,1,Available,Yes,3.7,Yes,0.7,"Housekeeping, Attached Bathroom, WiFi, Hot Water Geyser, CCTV Surveillance, Fire Safety, Lift, Wardrobe"
47,Aspen Hostel,Girls,Gujarat,Surat,Non-AC,Single,18100,1,1,Available,No,4.3,Yes,5.0,"Power Backup, Attached Bathroom, WiFi, RO Water, Hot Water Geyser, Balcony, CCTV Surveillance"
47,Aspen Hostel,Girls,Gujarat,Surat,Non-AC,Triple,5100,3,2,Available,No,4.3,Yes,0.7,"Refrigerator, Laundry, Lift, CCTV Surveillance, Balcony, Food Included, Fire Safety, Security Guard, Attached Bathroom"
48,Garden Living,Girls,Gujarat,Surat,AC,Single,17900,1,0,Full,No,3.4,No,3.8,"TV, Gym Access, Security Guard, Fire Safety, WiFi, Power Backup, Parking, Lift, Wardrobe"
48,Garden Living,Girls,Gujarat,Surat,AC,Triple,8300,3,3,Available,No,3.0,No,1.5,"Washing Machine, Balcony, Fire Safety, Gym Access, Refrigerator, CCTV Surveillance"
48,Garden Living,Girls,Gujarat,Surat,AC,Double,9000,2,1,Available,Yes,4.5,Yes,4.5,"Study Table, Lift, Food Included, Attached Bathroom, Wardrobe, RO Water, Hot Water Geyser, Parking, Fire Safety"
48,Garden Living,Girls,Gujarat,Surat,AC,Four Sharing,4000,4,4,Available,Yes,5.0,Yes,3.5,"Study Table, CCTV Surveillance, Housekeeping, Refrigerator, Power Backup, Fire Safety, RO Water, Lift, Hot Water Geyser, Security Guard"
49,Crystal Villa,Girls,Gujarat,Vadodara,Non-AC,Four Sharing,7900,4,0,Full,No,3.8,Yes,3.5,"Fire Safety, Power Backup, Wardrobe, Lift, Attached Bathroom, CCTV Surveillance, Study Table"
49,Crystal Villa,Girls,Gujarat,Vadodara,Non-AC,Triple,7000,3,2,Available,No,3.8,No,5.3,"Gym Access, Wardrobe, Lift, TV, Parking"
50,Yamini Villa,Girls,Gujarat,Vadodara,Non-AC,Double,9400,2,1,Available,Yes,4.9,Yes,0.4,"Security Guard, Gym Access, TV, Balcony, RO Water, Refrigerator, Fire Safety"
50,Yamini Villa,Girls,Gujarat,Vadodara,Non-AC,Single,16400,1,1,Available,No,3.9,Yes,4.8,"Lift, WiFi, Laundry, Attached Bathroom, Hot Water Geyser, Food Included, Housekeeping"
50,Yamini Villa,Girls,Gujarat,Vadodara,Non-AC,Four Sharing,6200,4,4,Available,No,4.3,Yes,7.1,"Gym Access, Wardrobe, Lift, Washing Machine, Laundry, Fire Safety, Parking, RO Water"
50,Yamini Villa,Girls,Gujarat,Vadodara,Non-AC,Triple,7200,3,0,Full,No,4.0,Yes,5.3,"Washing Machine, Attached Bathroom, RO Water, Parking, TV, Balcony, Refrigerator"
51,Anjali Villa,Girls,Gujarat,Rajkot,AC,Single,8100,1,0,Full,No,4.4,Yes,7.4,"Power Backup, Security Guard, WiFi, Balcony, Housekeeping, Laundry, Hot Water Geyser, Wardrobe"
51,Anjali Villa,Girls,Gujarat,Rajkot,AC,Double,14500,2,2,Available,No,4.7,Yes,4.7,"Fire Safety, Power Backup, CCTV Surveillance, Parking, Security Guard, WiFi, Food Included, RO Water"
51,Anjali Villa,Girls,Gujarat,Rajkot,AC,Four Sharing,4500,4,4,Available,No,4.6,No,6.5,"WiFi, Security Guard, Washing Machine, CCTV Surveillance, Hot Water Geyser"
51,Anjali Villa,Girls,Gujarat,Rajkot,AC,Triple,7000,3,2,Available,Yes,3.1,Yes,6.9,"Laundry, Study Table, Housekeeping, Lift, Wardrobe, WiFi, Attached Bathroom, Power Backup, Balcony"
52,Lakshmi Cottage,Girls,Gujarat,Rajkot,AC,Double,6200,2,0,Full,Yes,3.6,No,2.6,"Refrigerator, Gym Access, Laundry, Hot Water Geyser, Wardrobe, Washing Machine, Study Table, TV, Power Backup"
52,Lakshmi Cottage,Girls,Gujarat,Rajkot,AC,Single,14700,1,1,Available,No,4.8,No,0.4,"Laundry, Parking, Security Guard, Study Table, Wardrobe, Fire Safety"
53,Chandana Manor,Girls,Haryana,Gurugram,Non-AC,Triple,9500,3,2,Available,No,4.3,Yes,3.5,"Balcony, Hot Water Geyser, Wardrobe, Housekeeping, Lift, CCTV Surveillance, Parking"
53,Chandana Manor,Girls,Haryana,Gurugram,Non-AC,Four Sharing,6600,4,3,Available,Yes,3.6,Yes,2.9,"Hot Water Geyser, CCTV Surveillance, Laundry, Housekeeping, Refrigerator, Gym Access"
54,Crystal Cottage,Girls,Haryana,Gurugram,Non-AC,Double,14600,2,0,Full,No,3.8,Yes,2.5,"Attached Bathroom, Housekeeping, Hot Water Geyser, Lift, CCTV Surveillance, Study Table, Gym Access, TV"
54,Crystal Cottage,Girls,Haryana,Gurugram,Non-AC,Four Sharing,8800,4,4,Available,No,4.1,No,4.9,"CCTV Surveillance, Power Backup, Attached Bathroom, Laundry, Refrigerator, Study Table"
55,Rose PG,Girls,Haryana,Faridabad,Non-AC,Double,6900,2,2,Available,Yes,4.6,Yes,2.7,"Power Backup, Laundry, Balcony, Study Table, TV, Fire Safety, Food Included, Attached Bathroom, CCTV Surveillance, RO Water"
55,Rose PG,Girls,Haryana,Faridabad,Non-AC,Four Sharing,5000,4,2,Available,Yes,4.6,No,2.4,"Lift, CCTV Surveillance, Refrigerator, Parking, WiFi, Attached Bathroom, Washing Machine, Wardrobe"
55,Rose PG,Girls,Haryana,Faridabad,Non-AC,Single,18800,1,1,Available,No,3.1,No,2.1,"Study Table, Power Backup, Parking, TV, Security Guard, CCTV Surveillance, Attached Bathroom, Fire Safety"
55,Rose PG,Girls,Haryana,Faridabad,Non-AC,Triple,5900,3,0,Full,No,3.1,Yes,3.6,"CCTV Surveillance, Wardrobe, Food Included, TV, Parking, Attached Bathroom, RO Water"
56,Navya Lodge,Girls,Haryana,Faridabad,Non-AC,Triple,4500,3,0,Full,Yes,4.4,Yes,6.4,"Study Table, Laundry, RO Water, Wardrobe, Hot Water Geyser, CCTV Surveillance"
56,Navya Lodge,Girls,Haryana,Faridabad,Non-AC,Single,16600,1,0,Full,No,4.9,No,3.7,"Attached Bathroom, Lift, Fire Safety, Food Included, Housekeeping, Gym Access, Washing Machine"
56,Navya Lodge,Girls,Haryana,Faridabad,Non-AC,Four Sharing,7300,4,1,Available,No,4.5,Yes,7.6,"Refrigerator, Parking, Balcony, Security Guard, Hot Water Geyser, Fire Safety, CCTV Surveillance, Power Backup, WiFi"
56,Navya Lodge,Girls,Haryana,Faridabad,Non-AC,Double,8200,2,1,Available,No,3.8,Yes,5.2,"CCTV Surveillance, Gym Access, Security Guard, Hot Water Geyser, Attached Bathroom, WiFi"
57,Kavya Nilayam,Girls,Haryana,Panipat,Non-AC,Triple,9000,3,1,Available,No,4.3,Yes,4.5,"CCTV Surveillance, Lift, Wardrobe, Housekeeping, Power Backup, Study Table"
57,Kavya Nilayam,Girls,Haryana,Panipat,Non-AC,Single,12700,1,0,Full,No,4.0,Yes,0.7,"TV, Housekeeping, Power Backup, Fire Safety, Lift, Food Included, Laundry"
57,Kavya Nilayam,Girls,Haryana,Panipat,Non-AC,Four Sharing,5800,4,3,Available,No,4.1,No,1.5,"Food Included, WiFi, Lift, Gym Access, Laundry"
58,Moon Lodge,Girls,Haryana,Panipat,AC,Four Sharing,7600,4,2,Available,Yes,3.7,Yes,5.2,"Fire Safety, Refrigerator, Hot Water Geyser, Laundry, CCTV Surveillance, Study Table, WiFi, RO Water, Housekeeping, Attached Bathroom"
58,Moon Lodge,Girls,Haryana,Panipat,AC,Double,10300,2,1,Available,Yes,4.9,Yes,1.0,"TV, Washing Machine, Wardrobe, Parking, Study Table, Attached Bathroom, Power Backup, Lift, Laundry, Refrigerator"
58,Moon Lodge,Girls,Haryana,Panipat,AC,Single,14000,1,1,Available,Yes,3.1,Yes,4.6,"Wardrobe, Food Included, Housekeeping, Gym Access, RO Water, Hot Water Geyser, Study Table, Laundry, CCTV Surveillance, TV"
59,Manasa Nilayam,Girls,Haryana,Hisar,Non-AC,Double,12000,2,0,Full,Yes,4.7,No,1.7,"Study Table, WiFi, Food Included, Attached Bathroom, RO Water, Laundry, CCTV Surveillance, Balcony, Washing Machine, Security Guard"
59,Manasa Nilayam,Girls,Haryana,Hisar,Non-AC,Four Sharing,7400,4,3,Available,No,3.1,Yes,5.4,"Parking, Wardrobe, TV, WiFi, Lift, Security Guard"
60,Spandana House,Girls,Haryana,Hisar,Non-AC,Triple,8500,3,1,Available,No,4.9,Yes,6.5,"Washing Machine, TV, RO Water, Study Table, Gym Access"
60,Spandana House,Girls,Haryana,Hisar,Non-AC,Four Sharing,4300,4,2,Available,No,4.1,Yes,6.8,"Lift, Laundry, CCTV Surveillance, Study Table, RO Water, Parking"
60,Spandana House,Girls,Haryana,Hisar,Non-AC,Double,14100,2,0,Full,No,3.8,Yes,2.0,"Balcony, Power Backup, Hot Water Geyser, Refrigerator, Security Guard, Gym Access"
60,Spandana House,Girls,Haryana,Hisar,Non-AC,Single,16600,1,1,Available,No,3.5,No,2.0,"Power Backup, Attached Bathroom, Laundry, RO Water, Balcony, Wardrobe, Hot Water Geyser, Gym Access, Refrigerator"
61,Divya Nivas,Girls,Himachal Pradesh,Shimla,Non-AC,Four Sharing,7800,4,3,Available,Yes,3.3,Yes,3.4,"Study Table, Food Included, WiFi, Housekeeping, Lift"
61,Divya Nivas,Girls,Himachal Pradesh,Shimla,Non-AC,Triple,6600,3,0,Full,Yes,3.9,Yes,5.0,"Security Guard, Power Backup, Study Table, Parking, Balcony, Gym Access"
61,Divya Nivas,Girls,Himachal Pradesh,Shimla,Non-AC,Single,21700,1,1,Available,Yes,4.7,Yes,2.1,"Attached Bathroom, Study Table, Gym Access, Food Included, Security Guard, Fire Safety, Parking, Refrigerator, RO Water"
61,Divya Nivas,Girls,Himachal Pradesh,Shimla,Non-AC,Double,7300,2,0,Full,Yes,3.5,Yes,5.6,"Security Guard, Lift, Power Backup, WiFi, Gym Access"
62,Vasavi Homes,Girls,Himachal Pradesh,Shimla,AC,Four Sharing,7600,4,2,Available,No,3.0,No,8.0,"Attached Bathroom, Gym Access, Food Included, Balcony, Laundry, Security Guard, TV, Washing Machine"
62,Vasavi Homes,Girls,Himachal Pradesh,Shimla,AC,Single,19100,1,1,Available,No,4.9,No,3.3,"Attached Bathroom, Laundry, Study Table, Washing Machine, Housekeeping, CCTV Surveillance, Security Guard, TV, Wardrobe"
62,Vasavi Homes,Girls,Himachal Pradesh,Shimla,AC,Double,6200,2,0,Full,Yes,4.6,No,2.8,"Wardrobe, Study Table, Washing Machine, WiFi, Balcony, TV, Hot Water Geyser, Parking"
63,Sruthi Cottage,Girls,Himachal Pradesh,Manali,Non-AC,Single,12400,1,1,Available,No,3.1,No,3.0,"Attached Bathroom, Security Guard, CCTV Surveillance, Food Included, Power Backup, RO Water, Gym Access, Wardrobe, Housekeeping"
63,Sruthi Cottage,Girls,Himachal Pradesh,Manali,Non-AC,Triple,9300,3,0,Full,No,4.6,Yes,7.0,"Laundry, TV, Washing Machine, Study Table, Hot Water Geyser, Parking"
63,Sruthi Cottage,Girls,Himachal Pradesh,Manali,Non-AC,Four Sharing,7700,4,3,Available,No,3.1,No,5.4,"Attached Bathroom, Study Table, Hot Water Geyser, Balcony, Security Guard, Laundry, Lift, Power Backup"
63,Sruthi Cottage,Girls,Himachal Pradesh,Manali,Non-AC,Double,5600,2,2,Available,No,3.8,No,4.6,"Parking, Security Guard, Laundry, CCTV Surveillance, TV, Study Table, Attached Bathroom"
64,Anjali Residency,Girls,Himachal Pradesh,Manali,Non-AC,Triple,10500,3,3,Available,Yes,4.7,No,7.2,"Refrigerator, Balcony, WiFi, Parking, Fire Safety, Power Backup, Study Table"
64,Anjali Residency,Girls,Himachal Pradesh,Manali,Non-AC,Double,5800,2,0,Full,Yes,3.8,Yes,7.2,"Attached Bathroom, Power Backup, Housekeeping, Hot Water Geyser, Food Included, Laundry, TV"
64,Anjali Residency,Girls,Himachal Pradesh,Manali,Non-AC,Four Sharing,3500,4,0,Full,Yes,4.6,No,5.8,"Housekeeping, Refrigerator, Balcony, WiFi, Washing Machine"
65,Sunshine Comforts,Girls,Himachal Pradesh,Dharamshala,AC,Single,17900,1,1,Available,Yes,3.1,No,6.4,"Fire Safety, Washing Machine, Gym Access, Wardrobe, Refrigerator"
65,Sunshine Comforts,Girls,Himachal Pradesh,Dharamshala,AC,Triple,7900,3,0,Full,Yes,4.9,No,0.6,"Washing Machine, Parking, Laundry, WiFi, CCTV Surveillance, Power Backup, Balcony, Refrigerator, Food Included"
65,Sunshine Comforts,Girls,Himachal Pradesh,Dharamshala,AC,Double,11300,2,1,Available,No,3.7,Yes,5.3,"Security Guard, Washing Machine, Hot Water Geyser, Refrigerator, Gym Access, Wardrobe, WiFi, Lift, Fire Safety"
65,Sunshine Comforts,Girls,Himachal Pradesh,Dharamshala,AC,Four Sharing,5700,4,4,Available,No,4.1,No,4.3,"CCTV Surveillance, Refrigerator, WiFi, Gym Access, Power Backup, Washing Machine, Wardrobe"
66,Palm Nilayam,Girls,Himachal Pradesh,Dharamshala,Non-AC,Four Sharing,3400,4,4,Available,Yes,3.2,Yes,4.5,"Refrigerator, Study Table, CCTV Surveillance, Parking, Attached Bathroom, Fire Safety"
66,Palm Nilayam,Girls,Himachal Pradesh,Dharamshala,Non-AC,Single,8400,1,1,Available,Yes,3.9,No,1.9,"Wardrobe, Lift, Housekeeping, Washing Machine, WiFi, Food Included, Attached Bathroom"
67,Golden Manor,Girls,Himachal Pradesh,Solan,Non-AC,Single,14700,1,1,Available,Yes,3.1,Yes,2.2,"Hot Water Geyser, Fire Safety, Study Table, Housekeeping, Washing Machine, Wardrobe, Attached Bathroom, Gym Access"
67,Golden Manor,Girls,Himachal Pradesh,Solan,Non-AC,Four Sharing,5400,4,2,Available,No,3.4,Yes,3.9,"CCTV Surveillance, TV, Security Guard, Laundry, Washing Machine, WiFi, Hot Water Geyser"
67,Golden Manor,Girls,Himachal Pradesh,Solan,Non-AC,Double,9500,2,0,Full,No,4.4,No,1.9,"Housekeeping, Study Table, Food Included, Lift, Parking"
68,Keerthi Living,Girls,Himachal Pradesh,Solan,Non-AC,Double,7600,2,1,Available,Yes,4.0,No,1.0,"Lift, Wardrobe, Laundry, RO Water, Washing Machine, Gym Access"
68,Keerthi Living,Girls,Himachal Pradesh,Solan,Non-AC,Single,18900,1,1,Available,No,5.0,Yes,4.8,"WiFi, Food Included, CCTV Surveillance, Attached Bathroom, Hot Water Geyser, TV"
69,Sindhura PG,Girls,Jharkhand,Ranchi,AC,Single,15900,1,0,Full,No,3.0,Yes,5.5,"Balcony, Attached Bathroom, Power Backup, Security Guard, Study Table, RO Water"
69,Sindhura PG,Girls,Jharkhand,Ranchi,AC,Four Sharing,7200,4,0,Full,No,4.9,Yes,5.9,"Parking, WiFi, Refrigerator, Balcony, Laundry, Security Guard, Power Backup"
69,Sindhura PG,Girls,Jharkhand,Ranchi,AC,Triple,8300,3,0,Full,No,4.6,No,2.3,"Food Included, Lift, Balcony, TV, Washing Machine, Study Table, Housekeeping"
70,Metro Manor,Girls,Jharkhand,Ranchi,AC,Four Sharing,6300,4,3,Available,Yes,4.8,Yes,2.1,"Refrigerator, Wardrobe, Hot Water Geyser, Housekeeping, Power Backup, Food Included, RO Water, TV, WiFi"
70,Metro Manor,Girls,Jharkhand,Ranchi,AC,Double,6300,2,1,Available,No,4.4,No,4.5,"Lift, Security Guard, WiFi, Gym Access, Attached Bathroom, Refrigerator, Parking"
70,Metro Manor,Girls,Jharkhand,Ranchi,AC,Single,17700,1,1,Available,Yes,4.6,No,3.0,"Wardrobe, Attached Bathroom, Refrigerator, Washing Machine, Laundry"
70,Metro Manor,Girls,Jharkhand,Ranchi,AC,Triple,9300,3,1,Available,No,3.5,No,6.9,"Attached Bathroom, Security Guard, Gym Access, Hot Water Geyser, CCTV Surveillance, Food Included, Wardrobe"
71,Rajeswari House,Girls,Jharkhand,Jamshedpur,Non-AC,Double,7900,2,2,Available,No,3.4,Yes,2.7,"RO Water, Power Backup, Fire Safety, CCTV Surveillance, Refrigerator, Housekeeping, Food Included"
71,Rajeswari House,Girls,Jharkhand,Jamshedpur,Non-AC,Triple,7100,3,2,Available,No,3.9,Yes,2.3,"Lift, Power Backup, Fire Safety, Gym Access, Parking, Wardrobe, Refrigerator"
71,Rajeswari House,Girls,Jharkhand,Jamshedpur,Non-AC,Single,10400,1,0,Full,Yes,3.7,Yes,5.1,"Washing Machine, Wardrobe, Refrigerator, WiFi, Housekeeping, Attached Bathroom, TV, CCTV Surveillance, Lift"
72,Swathi Lodge,Girls,Jharkhand,Jamshedpur,Non-AC,Double,6900,2,2,Available,No,4.7,Yes,1.2,"Fire Safety, Study Table, Food Included, Lift, Wardrobe, Parking, WiFi"
72,Swathi Lodge,Girls,Jharkhand,Jamshedpur,Non-AC,Four Sharing,5600,4,3,Available,No,4.3,No,2.9,"Security Guard, CCTV Surveillance, Housekeeping, Study Table, Laundry, Washing Machine, Power Backup, Parking"
72,Swathi Lodge,Girls,Jharkhand,Jamshedpur,Non-AC,Triple,4700,3,0,Full,No,3.8,No,4.1,"WiFi, Power Backup, Lift, Balcony, RO Water, Housekeeping, Hot Water Geyser, Laundry, Food Included, Gym Access"
73,Keerthi PG,Girls,Jharkhand,Dhanbad,Non-AC,Double,14500,2,1,Available,No,4.5,Yes,0.9,"Security Guard, WiFi, Power Backup, Gym Access, Laundry"
73,Keerthi PG,Girls,Jharkhand,Dhanbad,Non-AC,Four Sharing,4900,4,4,Available,No,3.1,Yes,5.7,"Food Included, Balcony, RO Water, CCTV Surveillance, Security Guard, Gym Access, WiFi, Washing Machine"
73,Keerthi PG,Girls,Jharkhand,Dhanbad,Non-AC,Single,10300,1,1,Available,No,3.4,Yes,1.7,"Refrigerator, Attached Bathroom, Fire Safety, Laundry, Washing Machine, Housekeeping, CCTV Surveillance, Gym Access, RO Water"
73,Keerthi PG,Girls,Jharkhand,Dhanbad,Non-AC,Triple,8700,3,3,Available,No,4.4,No,2.6,"RO Water, Balcony, Refrigerator, TV, Housekeeping, Laundry, WiFi, Power Backup"
74,Tejaswi Nilayam,Girls,Jharkhand,Dhanbad,AC,Double,10600,2,0,Full,Yes,3.8,No,0.5,"Lift, TV, Housekeeping, Balcony, Fire Safety, Attached Bathroom"
74,Tejaswi Nilayam,Girls,Jharkhand,Dhanbad,AC,Four Sharing,6800,4,1,Available,Yes,3.1,No,6.9,"Food Included, CCTV Surveillance, Laundry, Gym Access, Parking"
74,Tejaswi Nilayam,Girls,Jharkhand,Dhanbad,AC,Single,8200,1,0,Full,No,3.4,No,6.5,"Parking, CCTV Surveillance, Housekeeping, Attached Bathroom, Power Backup, Hot Water Geyser, Food Included, Gym Access, RO Water"
75,Willow Stay,Girls,Jharkhand,Bokaro,Non-AC,Four Sharing,4400,4,0,Full,Yes,3.1,No,2.5,"Security Guard, Washing Machine, Balcony, CCTV Surveillance, TV, Lift"
75,Willow Stay,Girls,Jharkhand,Bokaro,Non-AC,Triple,6300,3,2,Available,Yes,3.3,Yes,3.3,"Washing Machine, Wardrobe, CCTV Surveillance, TV, Hot Water Geyser"
75,Willow Stay,Girls,Jharkhand,Bokaro,Non-AC,Double,14400,2,2,Available,Yes,3.4,Yes,5.9,"Washing Machine, Wardrobe, Power Backup, Food Included, Study Table, Attached Bathroom, Fire Safety, Balcony"
76,Lake Residency,Girls,Jharkhand,Bokaro,AC,Single,11200,1,1,Available,No,4.7,Yes,1.8,"Refrigerator, Hot Water Geyser, TV, Food Included, Power Backup, WiFi, Parking, Gym Access"
76,Lake Residency,Girls,Jharkhand,Bokaro,AC,Double,7900,2,2,Available,No,3.1,No,2.9,"Hot Water Geyser, Washing Machine, Study Table, Parking, Power Backup, Wardrobe, RO Water, CCTV Surveillance"
76,Lake Residency,Girls,Jharkhand,Bokaro,AC,Four Sharing,3700,4,4,Available,No,3.2,Yes,6.3,"Wardrobe, Lift, Food Included, Balcony, Attached Bathroom, Refrigerator, TV, Gym Access, Housekeeping"
77,Keerthi Villa,Girls,Karnataka,Bengaluru,Non-AC,Single,18000,1,0,Full,Yes,3.7,No,2.6,"Power Backup, Fire Safety, Hot Water Geyser, Security Guard, CCTV Surveillance, Balcony, Gym Access"
77,Keerthi Villa,Girls,Karnataka,Bengaluru,Non-AC,Double,18500,2,2,Available,Yes,3.6,Yes,1.5,"Food Included, Attached Bathroom, Refrigerator, Study Table, Housekeeping, CCTV Surveillance, Gym Access, Balcony, Power Backup"
77,Keerthi Villa,Girls,Karnataka,Bengaluru,Non-AC,Four Sharing,5500,4,1,Available,Yes,4.8,Yes,1.0,"Gym Access, Security Guard, Housekeeping, Hot Water Geyser, Laundry"
78,Diamond Lodge,Girls,Karnataka,Bengaluru,Non-AC,Four Sharing,7200,4,4,Available,Yes,3.2,Yes,2.0,"Attached Bathroom, Food Included, Hot Water Geyser, Laundry, Washing Machine, Security Guard, WiFi, Power Backup, TV"
78,Diamond Lodge,Girls,Karnataka,Bengaluru,Non-AC,Triple,13600,3,1,Available,No,3.7,No,4.8,"WiFi, Washing Machine, RO Water, Balcony, Food Included, Gym Access"
78,Diamond Lodge,Girls,Karnataka,Bengaluru,Non-AC,Single,27100,1,0,Full,Yes,4.5,Yes,1.4,"CCTV Surveillance, Housekeeping, Security Guard, Hot Water Geyser, Washing Machine, Study Table, Food Included"
79,Meadow Hostel,Girls,Karnataka,Mysuru,Non-AC,Single,11200,1,0,Full,No,4.6,Yes,5.3,"Security Guard, Parking, Gym Access, Balcony, CCTV Surveillance, Attached Bathroom, RO Water"
79,Meadow Hostel,Girls,Karnataka,Mysuru,Non-AC,Triple,9800,3,2,Available,Yes,4.5,Yes,3.6,"Attached Bathroom, TV, Balcony, Power Backup, Laundry, Wardrobe, Lift, RO Water, CCTV Surveillance, Fire Safety"
79,Meadow Hostel,Girls,Karnataka,Mysuru,Non-AC,Four Sharing,5100,4,1,Available,No,4.1,No,4.7,"Food Included, Wardrobe, Security Guard, Washing Machine, Balcony, Housekeeping, Fire Safety, Power Backup, Attached Bathroom, Study Table"
80,Moon Villa,Girls,Karnataka,Mysuru,Non-AC,Triple,9100,3,0,Full,Yes,4.8,No,3.5,"TV, Lift, CCTV Surveillance, Washing Machine, Housekeeping, Food Included, Parking, Gym Access, Hot Water Geyser"
80,Moon Villa,Girls,Karnataka,Mysuru,Non-AC,Double,6000,2,1,Available,No,3.2,No,1.7,"RO Water, Balcony, Hot Water Geyser, Power Backup, Housekeeping, Washing Machine, Lift, WiFi"
81,Sirisha Manor,Girls,Karnataka,Mangaluru,AC,Triple,6000,3,2,Available,No,3.6,No,7.7,"Fire Safety, Housekeeping, Parking, Wardrobe, WiFi, Gym Access, RO Water, Laundry, Food Included"
81,Sirisha Manor,Girls,Karnataka,Mangaluru,AC,Single,12000,1,1,Available,No,4.5,Yes,7.9,"Attached Bathroom, Wardrobe, CCTV Surveillance, Refrigerator, RO Water, Food Included, Fire Safety, TV, Parking, Hot Water Geyser"
82,Chandana Palace,Girls,Karnataka,Mangaluru,AC,Four Sharing,7200,4,2,Available,Yes,3.1,Yes,4.5,"TV, Attached Bathroom, CCTV Surveillance, Lift, Food Included, Parking, Hot Water Geyser, Laundry"
82,Chandana Palace,Girls,Karnataka,Mangaluru,AC,Triple,4200,3,2,Available,Yes,3.4,Yes,8.0,"Security Guard, Refrigerator, Hot Water Geyser, TV, WiFi, Housekeeping"
82,Chandana Palace,Girls,Karnataka,Mangaluru,AC,Single,16900,1,1,Available,Yes,4.6,No,4.0,"Study Table, Refrigerator, Washing Machine, Parking, Gym Access, RO Water, WiFi, Wardrobe, Security Guard, Attached Bathroom"
82,Chandana Palace,Girls,Karnataka,Mangaluru,AC,Double,7700,2,0,Full,Yes,3.3,Yes,5.5,"Security Guard, TV, Wardrobe, Study Table, Parking"
83,Mounika House,Girls,Karnataka,Hubballi,Non-AC,Four Sharing,6100,4,3,Available,No,3.8,No,2.3,"Fire Safety, Lift, Attached Bathroom, RO Water, Parking, Wardrobe"
83,Mounika House,Girls,Karnataka,Hubballi,Non-AC,Single,13100,1,0,Full,Yes,3.6,No,5.4,"RO Water, Laundry, Refrigerator, Wardrobe, Study Table, Gym Access, Housekeeping, Balcony, CCTV Surveillance, Washing Machine"
83,Mounika House,Girls,Karnataka,Hubballi,Non-AC,Double,7400,2,1,Available,No,4.5,Yes,4.4,"Security Guard, TV, Study Table, Balcony, Refrigerator, Power Backup, Food Included, Gym Access, RO Water, Fire Safety"
84,Charitha Nivas,Girls,Karnataka,Hubballi,Non-AC,Double,7400,2,1,Available,No,4.7,No,3.3,"Washing Machine, Study Table, Parking, CCTV Surveillance, RO Water, Fire Safety, Attached Bathroom, Laundry"
84,Charitha Nivas,Girls,Karnataka,Hubballi,Non-AC,Triple,5900,3,2,Available,Yes,4.8,Yes,4.1,"Hot Water Geyser, Security Guard, RO Water, Wardrobe, Housekeeping, TV, Study Table, CCTV Surveillance, Washing Machine"
85,Crystal Nilayam,Girls,Kerala,Kochi,AC,Single,8500,1,1,Available,No,3.3,No,5.0,"Laundry, Attached Bathroom, Refrigerator, Housekeeping, Hot Water Geyser, CCTV Surveillance, Food Included"
85,Crystal Nilayam,Girls,Kerala,Kochi,AC,Double,11300,2,2,Available,Yes,3.7,Yes,1.2,"Housekeeping, WiFi, Lift, CCTV Surveillance, Balcony, Attached Bathroom, Refrigerator"
86,Kavya Hostel,Girls,Kerala,Kochi,AC,Single,12800,1,1,Available,No,4.1,Yes,1.9,"TV, Security Guard, Balcony, WiFi, Hot Water Geyser, Wardrobe"
86,Kavya Hostel,Girls,Kerala,Kochi,AC,Double,8300,2,0,Full,No,3.8,Yes,7.6,"Laundry, Security Guard, Power Backup, Wardrobe, Attached Bathroom, Refrigerator, TV"
86,Kavya Hostel,Girls,Kerala,Kochi,AC,Four Sharing,6500,4,1,Available,Yes,4.6,No,5.3,"Laundry, Gym Access, CCTV Surveillance, RO Water, Lift, Washing Machine, Study Table"
87,Anjali Comforts,Girls,Kerala,Thiruvananthapuram,Non-AC,Four Sharing,5500,4,1,Available,Yes,4.5,Yes,3.6,"Housekeeping, Refrigerator, Fire Safety, TV, WiFi, Lift"
87,Anjali Comforts,Girls,Kerala,Thiruvananthapuram,Non-AC,Single,20100,1,0,Full,Yes,3.7,No,0.3,"Balcony, Refrigerator, Fire Safety, Study Table, Parking, TV, Washing Machine, Gym Access, Wardrobe, CCTV Surveillance"
88,Sirisha Palace,Girls,Kerala,Thiruvananthapuram,AC,Four Sharing,6000,4,0,Full,Yes,3.7,No,4.0,"Washing Machine, Fire Safety, Gym Access, CCTV Surveillance, Power Backup"
88,Sirisha Palace,Girls,Kerala,Thiruvananthapuram,AC,Single,16600,1,1,Available,No,3.4,No,5.3,"Refrigerator, Attached Bathroom, RO Water, Wardrobe, Parking, Security Guard"
89,Cedar Nilayam,Girls,Kerala,Kozhikode,AC,Double,14200,2,1,Available,Yes,3.0,Yes,3.8,"Housekeeping, Security Guard, Balcony, Laundry, Washing Machine"
89,Cedar Nilayam,Girls,Kerala,Kozhikode,AC,Triple,6900,3,3,Available,No,4.5,Yes,0.3,"Study Table, Wardrobe, Power Backup, Balcony, CCTV Surveillance, Attached Bathroom"
90,Sowmya Cottage,Girls,Kerala,Kozhikode,Non-AC,Single,18600,1,0,Full,No,4.4,No,4.9,"Gym Access, Wardrobe, Laundry, Hot Water Geyser, Attached Bathroom"
90,Sowmya Cottage,Girls,Kerala,Kozhikode,Non-AC,Double,5500,2,1,Available,Yes,4.3,Yes,2.1,"WiFi, Food Included, Lift, Security Guard, Wardrobe, Power Backup"
90,Sowmya Cottage,Girls,Kerala,Kozhikode,Non-AC,Four Sharing,4900,4,0,Full,No,3.5,Yes,3.8,"Power Backup, Fire Safety, Parking, CCTV Surveillance, Balcony, TV, Refrigerator, Gym Access"
90,Sowmya Cottage,Girls,Kerala,Kozhikode,Non-AC,Triple,5000,3,3,Available,Yes,3.1,Yes,4.5,"Attached Bathroom, Balcony, Security Guard, Laundry, Food Included"
91,Vaishnavi Living,Girls,Kerala,Thrissur,Non-AC,Single,11000,1,1,Available,Yes,3.2,Yes,5.4,"Fire Safety, Laundry, Balcony, Attached Bathroom, Study Table"
91,Vaishnavi Living,Girls,Kerala,Thrissur,Non-AC,Triple,9700,3,0,Full,Yes,4.5,Yes,0.9,"TV, Fire Safety, Security Guard, CCTV Surveillance, Gym Access, Balcony, Lift"
91,Vaishnavi Living,Girls,Kerala,Thrissur,Non-AC,Four Sharing,5900,4,1,Available,Yes,3.2,Yes,1.1,"Fire Safety, Housekeeping, Attached Bathroom, Wardrobe, Lift, Security Guard, TV, RO Water, Washing Machine, Power Backup"
91,Vaishnavi Living,Girls,Kerala,Thrissur,Non-AC,Double,6800,2,0,Full,Yes,4.4,Yes,5.4,"RO Water, Food Included, Parking, TV, Lift, CCTV Surveillance"
92,Urban Living,Girls,Kerala,Thrissur,Non-AC,Triple,4900,3,1,Available,No,3.3,No,6.1,"Refrigerator, Hot Water Geyser, WiFi, RO Water, Balcony, Parking, Power Backup"
92,Urban Living,Girls,Kerala,Thrissur,Non-AC,Double,14400,2,1,Available,No,3.0,Yes,7.1,"Balcony, Parking, Power Backup, Food Included, Washing Machine"
93,Harika Palace,Girls,Madhya Pradesh,Bhopal,AC,Four Sharing,4900,4,4,Available,Yes,4.3,Yes,7.5,"Attached Bathroom, Laundry, Housekeeping, Balcony, TV, Wardrobe, WiFi, Study Table"
93,Harika Palace,Girls,Madhya Pradesh,Bhopal,AC,Single,12200,1,1,Available,Yes,5.0,Yes,5.0,"Parking, TV, Wardrobe, Hot Water Geyser, Washing Machine, CCTV Surveillance, WiFi, Food Included, Study Table"
94,Urban Nilayam,Girls,Madhya Pradesh,Bhopal,Non-AC,Single,9200,1,0,Full,Yes,4.1,Yes,3.0,"Balcony, Power Backup, Gym Access, Attached Bathroom, Refrigerator, Lift"
94,Urban Nilayam,Girls,Madhya Pradesh,Bhopal,Non-AC,Triple,10500,3,3,Available,Yes,4.8,No,2.6,"Parking, Lift, Power Backup, Security Guard, Washing Machine, Fire Safety, RO Water, Balcony"
94,Urban Nilayam,Girls,Madhya Pradesh,Bhopal,Non-AC,Double,6000,2,1,Available,Yes,3.2,Yes,6.5,"Washing Machine, Refrigerator, WiFi, Housekeeping, Laundry, Lift, Food Included, Gym Access, Fire Safety, Study Table"
94,Urban Nilayam,Girls,Madhya Pradesh,Bhopal,Non-AC,Four Sharing,8000,4,2,Available,No,3.4,Yes,4.0,"Wardrobe, Refrigerator, Laundry, Hot Water Geyser, Food Included"
95,Hasini Lodge,Girls,Madhya Pradesh,Indore,Non-AC,Triple,8600,3,1,Available,Yes,3.7,No,3.1,"Attached Bathroom, Power Backup, Hot Water Geyser, Parking, TV, Wardrobe"
95,Hasini Lodge,Girls,Madhya Pradesh,Indore,Non-AC,Double,11700,2,0,Full,Yes,4.3,Yes,6.1,"Hot Water Geyser, Gym Access, Refrigerator, WiFi, Food Included, Security Guard, Washing Machine"
96,Mounika Cottage,Girls,Madhya Pradesh,Indore,Non-AC,Four Sharing,7200,4,0,Full,No,3.2,No,7.4,"RO Water, Lift, Food Included, Power Backup, Housekeeping, Balcony"
96,Mounika Cottage,Girls,Madhya Pradesh,Indore,Non-AC,Triple,6300,3,2,Available,No,3.9,No,4.5,"Attached Bathroom, Hot Water Geyser, Gym Access, Housekeeping, Wardrobe"
97,Jyothi Hostel,Girls,Madhya Pradesh,Gwalior,AC,Triple,5000,3,0,Full,No,3.5,No,6.3,"Laundry, Lift, Washing Machine, Power Backup, Housekeeping, CCTV Surveillance"
97,Jyothi Hostel,Girls,Madhya Pradesh,Gwalior,AC,Single,18800,1,1,Available,Yes,3.2,No,4.0,"Attached Bathroom, WiFi, Fire Safety, Security Guard, Gym Access, Washing Machine"
98,Hill Stay,Girls,Madhya Pradesh,Gwalior,Non-AC,Double,11800,2,1,Available,Yes,4.7,No,5.3,"Parking, Hot Water Geyser, WiFi, Lift, Laundry, Security Guard, Power Backup, Balcony, CCTV Surveillance, Attached Bathroom"
98,Hill Stay,Girls,Madhya Pradesh,Gwalior,Non-AC,Triple,5300,3,1,Available,No,4.5,Yes,7.5,"WiFi, Parking, Fire Safety, Study Table, Gym Access, Power Backup, Food Included, Hot Water Geyser"
98,Hill Stay,Girls,Madhya Pradesh,Gwalior,Non-AC,Four Sharing,6200,4,4,Available,No,4.3,Yes,5.0,"Housekeeping, Gym Access, Fire Safety, TV, Lift, CCTV Surveillance"
98,Hill Stay,Girls,Madhya Pradesh,Gwalior,Non-AC,Single,11700,1,1,Available,Yes,3.8,No,3.4,"WiFi, Security Guard, Study Table, Parking, Hot Water Geyser, RO Water, Lift, Fire Safety, Laundry, TV"
99,Plaza Cottage,Girls,Madhya Pradesh,Jabalpur,Non-AC,Four Sharing,7800,4,0,Full,No,4.9,Yes,7.3,"CCTV Surveillance, Security Guard, Washing Machine, Food Included, Parking, Power Backup, Housekeeping, Laundry, Attached Bathroom"
99,Plaza Cottage,Girls,Madhya Pradesh,Jabalpur,Non-AC,Single,17500,1,1,Available,No,3.5,Yes,6.9,"Refrigerator, RO Water, Power Backup, Food Included, Security Guard, Lift, Gym Access, Attached Bathroom, WiFi, CCTV Surveillance"
99,Plaza Cottage,Girls,Madhya Pradesh,Jabalpur,Non-AC,Double,6600,2,1,Available,Yes,4.7,No,0.8,"TV, Attached Bathroom, Power Backup, Lift, Hot Water Geyser, Gym Access, Washing Machine, Refrigerator"
99,Plaza Cottage,Girls,Madhya Pradesh,Jabalpur,Non-AC,Triple,9000,3,2,Available,Yes,3.9,No,4.6,"Refrigerator, Hot Water Geyser, RO Water, Study Table, Fire Safety, Washing Machine"
100,Royal Mansion,Girls,Madhya Pradesh,Jabalpur,AC,Single,13500,1,0,Full,No,4.9,Yes,7.8,"Housekeeping, Balcony, RO Water, Wardrobe, CCTV Surveillance"
100,Royal Mansion,Girls,Madhya Pradesh,Jabalpur,AC,Double,9300,2,1,Available,No,3.8,No,6.2,"Hot Water Geyser, Housekeeping, Refrigerator, Power Backup, Food Included, Balcony"
100,Royal Mansion,Girls,Madhya Pradesh,Jabalpur,AC,Triple,5300,3,3,Available,No,4.3,No,4.7,"Security Guard, Balcony, Study Table, Fire Safety, RO Water, Parking, Laundry"
101,Comfort Homes,Girls,Maharashtra,Mumbai,AC,Triple,12200,3,1,Available,Yes,4.4,Yes,3.1,"Refrigerator, Parking, Laundry, Lift, Food Included, Power Backup, WiFi"
101,Comfort Homes,Girls,Maharashtra,Mumbai,AC,Four Sharing,10500,4,4,Available,No,4.5,No,0.4,"Parking, Laundry, Hot Water Geyser, WiFi, Fire Safety"
102,Vasavi Stay,Girls,Maharashtra,Mumbai,AC,Single,14600,1,0,Full,No,3.7,No,2.7,"Gym Access, Refrigerator, Washing Machine, Food Included, Laundry, CCTV Surveillance, Fire Safety, Lift"
102,Vasavi Stay,Girls,Maharashtra,Mumbai,AC,Four Sharing,5100,4,0,Full,Yes,4.4,No,1.2,"Washing Machine, Fire Safety, Attached Bathroom, Gym Access, CCTV Surveillance, Power Backup, TV, Refrigerator, WiFi, Laundry"
103,Cedar Manor,Girls,Maharashtra,Pune,AC,Double,8600,2,1,Available,Yes,3.1,Yes,1.7,"Lift, Fire Safety, Hot Water Geyser, Laundry, Gym Access, TV, Housekeeping, Attached Bathroom, WiFi, Power Backup"
103,Cedar Manor,Girls,Maharashtra,Pune,AC,Four Sharing,10300,4,1,Available,Yes,4.7,No,2.1,"Attached Bathroom, RO Water, Fire Safety, Washing Machine, Food Included, WiFi, Power Backup"
104,Horizon Living,Girls,Maharashtra,Pune,AC,Four Sharing,6300,4,2,Available,No,3.3,Yes,2.0,"TV, Wardrobe, Washing Machine, Attached Bathroom, Fire Safety, WiFi, Security Guard"
104,Horizon Living,Girls,Maharashtra,Pune,AC,Triple,11900,3,2,Available,Yes,3.6,No,4.2,"Parking, Hot Water Geyser, Lift, WiFi, Housekeeping, Fire Safety"
104,Horizon Living,Girls,Maharashtra,Pune,AC,Single,12900,1,1,Available,No,4.1,Yes,1.0,"Fire Safety, Wardrobe, RO Water, Gym Access, Laundry"
104,Horizon Living,Girls,Maharashtra,Pune,AC,Double,12500,2,2,Available,Yes,3.9,No,7.5,"Study Table, Balcony, Lift, Washing Machine, Food Included, Gym Access, Wardrobe, Hot Water Geyser"
105,Sravani Nilayam,Girls,Maharashtra,Nagpur,AC,Double,10400,2,2,Available,Yes,4.7,No,3.6,"CCTV Surveillance, Wardrobe, Power Backup, Food Included, Attached Bathroom"
105,Sravani Nilayam,Girls,Maharashtra,Nagpur,AC,Single,12700,1,0,Full,Yes,4.4,No,1.5,"Fire Safety, RO Water, Parking, Hot Water Geyser, Balcony, Housekeeping, Wardrobe, Security Guard, Lift"
105,Sravani Nilayam,Girls,Maharashtra,Nagpur,AC,Four Sharing,5900,4,2,Available,Yes,4.8,No,7.8,"Laundry, Refrigerator, Wardrobe, Gym Access, Hot Water Geyser"
105,Sravani Nilayam,Girls,Maharashtra,Nagpur,AC,Triple,5700,3,2,Available,No,3.8,Yes,5.9,"Housekeeping, Gym Access, Power Backup, Attached Bathroom, Washing Machine, Wardrobe"
106,Vasavi Mansion,Girls,Maharashtra,Nagpur,Non-AC,Double,8300,2,2,Available,No,4.4,No,0.6,"Hot Water Geyser, Security Guard, Study Table, WiFi, Refrigerator"
106,Vasavi Mansion,Girls,Maharashtra,Nagpur,Non-AC,Triple,9100,3,0,Full,Yes,4.9,No,2.0,"Refrigerator, Study Table, TV, Security Guard, Attached Bathroom, Housekeeping, Lift"
106,Vasavi Mansion,Girls,Maharashtra,Nagpur,Non-AC,Four Sharing,5500,4,0,Full,Yes,3.0,No,6.1,"Hot Water Geyser, Food Included, Parking, CCTV Surveillance, TV, Attached Bathroom, Refrigerator, Washing Machine, Balcony"
106,Vasavi Mansion,Girls,Maharashtra,Nagpur,Non-AC,Single,14200,1,1,Available,No,3.3,No,5.4,"Study Table, Parking, Washing Machine, CCTV Surveillance, Food Included"
107,Valley Cottage,Girls,Maharashtra,Nashik,Non-AC,Four Sharing,5900,4,2,Available,Yes,3.1,Yes,2.8,"WiFi, Hot Water Geyser, Study Table, Laundry, Attached Bathroom"
107,Valley Cottage,Girls,Maharashtra,Nashik,Non-AC,Triple,8200,3,0,Full,Yes,4.7,No,2.6,"Wardrobe, TV, Gym Access, Washing Machine, Study Table, Balcony, RO Water, CCTV Surveillance"
107,Valley Cottage,Girls,Maharashtra,Nashik,Non-AC,Single,20100,1,1,Available,Yes,4.2,Yes,4.0,"WiFi, Hot Water Geyser, Housekeeping, Balcony, Study Table, Refrigerator, Parking, Washing Machine"
108,Divya Hostel,Girls,Maharashtra,Nashik,Non-AC,Four Sharing,3900,4,1,Available,No,4.6,No,1.0,"Fire Safety, Food Included, Hot Water Geyser, Study Table, RO Water, Laundry, Housekeeping, Washing Machine, Attached Bathroom, Security Guard"
108,Divya Hostel,Girls,Maharashtra,Nashik,Non-AC,Single,14800,1,0,Full,No,3.6,No,4.2,"Gym Access, Balcony, Attached Bathroom, WiFi, CCTV Surveillance, TV"
108,Divya Hostel,Girls,Maharashtra,Nashik,Non-AC,Triple,7200,3,1,Available,Yes,3.0,Yes,7.0,"Food Included, Fire Safety, Housekeeping, Attached Bathroom, WiFi, Lift, Refrigerator"
108,Divya Hostel,Girls,Maharashtra,Nashik,Non-AC,Double,9000,2,2,Available,No,4.9,Yes,1.3,"Lift, WiFi, RO Water, CCTV Surveillance, Refrigerator, TV, Attached Bathroom, Power Backup, Housekeeping, Wardrobe"
109,Lasya Hostel,Girls,Manipur,Imphal,AC,Triple,5500,3,1,Available,No,3.5,Yes,2.0,"Housekeeping, Security Guard, Power Backup, Lift, Fire Safety, CCTV Surveillance"
109,Lasya Hostel,Girls,Manipur,Imphal,AC,Four Sharing,6600,4,4,Available,Yes,4.0,Yes,3.7,"Laundry, Balcony, RO Water, CCTV Surveillance, Washing Machine"
110,Meghana Comforts,Girls,Manipur,Imphal,AC,Double,12200,2,1,Available,No,3.6,Yes,5.2,"Laundry, CCTV Surveillance, Housekeeping, Washing Machine, Power Backup, Refrigerator, Security Guard, Fire Safety"
110,Meghana Comforts,Girls,Manipur,Imphal,AC,Single,14800,1,1,Available,No,4.5,No,3.9,"Gym Access, Attached Bathroom, Housekeeping, Fire Safety, CCTV Surveillance, Refrigerator, Laundry"
110,Meghana Comforts,Girls,Manipur,Imphal,AC,Triple,6100,3,0,Full,No,4.4,Yes,3.3,"RO Water, Washing Machine, Study Table, Wardrobe, CCTV Surveillance, Hot Water Geyser, Fire Safety"
110,Meghana Comforts,Girls,Manipur,Imphal,AC,Four Sharing,7800,4,4,Available,Yes,3.1,No,3.0,"Wardrobe, RO Water, TV, Parking, WiFi, Washing Machine, Laundry, Lift, Attached Bathroom, Fire Safety"
111,Star Stay,Girls,Meghalaya,Shillong,AC,Four Sharing,4600,4,2,Available,Yes,3.3,Yes,5.0,"Lift, Gym Access, Refrigerator, Study Table, WiFi, Parking, Balcony, RO Water"
111,Star Stay,Girls,Meghalaya,Shillong,AC,Triple,10600,3,2,Available,No,3.2,No,3.2,"Security Guard, Refrigerator, WiFi, Study Table, Wardrobe, Food Included, Parking, Gym Access, Washing Machine"
112,Sravani Comforts,Girls,Meghalaya,Shillong,AC,Double,5800,2,0,Full,Yes,3.4,Yes,1.3,"Hot Water Geyser, Food Included, RO Water, Refrigerator, Power Backup, Study Table"
112,Sravani Comforts,Girls,Meghalaya,Shillong,AC,Triple,10000,3,0,Full,Yes,4.1,Yes,6.2,"RO Water, Housekeeping, Food Included, Gym Access, Wardrobe, Security Guard"
112,Sravani Comforts,Girls,Meghalaya,Shillong,AC,Four Sharing,3900,4,1,Available,Yes,5.0,Yes,0.9,"Power Backup, Food Included, WiFi, Washing Machine, Parking, Security Guard"
113,Sindhura Homes,Girls,Mizoram,Aizawl,AC,Double,12600,2,1,Available,No,3.8,No,2.0,"Parking, Fire Safety, Security Guard, CCTV Surveillance, Study Table"
113,Sindhura Homes,Girls,Mizoram,Aizawl,AC,Four Sharing,8300,4,0,Full,No,4.1,Yes,6.3,"Security Guard, WiFi, Lift, Balcony, Fire Safety, TV, Washing Machine, Parking, RO Water"
113,Sindhura Homes,Girls,Mizoram,Aizawl,AC,Single,14400,1,0,Full,Yes,4.8,Yes,4.1,"Wardrobe, Parking, WiFi, Attached Bathroom, Balcony, RO Water, Fire Safety, Security Guard, Housekeeping, Washing Machine"
114,Nithya Villa,Girls,Mizoram,Aizawl,AC,Double,8600,2,1,Available,Yes,4.6,Yes,7.9,"Washing Machine, Fire Safety, Balcony, Refrigerator, Security Guard, Laundry, TV, Attached Bathroom, Hot Water Geyser, CCTV Surveillance"
114,Nithya Villa,Girls,Mizoram,Aizawl,AC,Four Sharing,3800,4,3,Available,Yes,3.3,Yes,4.7,"Security Guard, Attached Bathroom, RO Water, WiFi, Laundry, TV, Wardrobe"
114,Nithya Villa,Girls,Mizoram,Aizawl,AC,Triple,5200,3,0,Full,No,3.6,Yes,4.9,"Lift, Refrigerator, Laundry, Fire Safety, Study Table, Food Included, WiFi, Hot Water Geyser"
115,Grand House,Girls,Nagaland,Kohima,AC,Triple,8300,3,3,Available,No,3.9,No,3.3,"Gym Access, Power Backup, Food Included, CCTV Surveillance, TV, WiFi, Fire Safety, Refrigerator, Study Table, Laundry"
115,Grand House,Girls,Nagaland,Kohima,AC,Double,11200,2,2,Available,No,4.7,No,6.6,"Lift, Gym Access, WiFi, Laundry, Attached Bathroom"
115,Grand House,Girls,Nagaland,Kohima,AC,Single,21900,1,0,Full,Yes,3.9,No,7.0,"TV, Washing Machine, Parking, CCTV Surveillance, Power Backup"
116,Prasanna Lodge,Girls,Nagaland,Kohima,AC,Double,9100,2,1,Available,No,4.8,Yes,1.5,"TV, Laundry, Wardrobe, Lift, Housekeeping, Food Included, Gym Access, Hot Water Geyser, Parking"
116,Prasanna Lodge,Girls,Nagaland,Kohima,AC,Four Sharing,3600,4,3,Available,Yes,4.3,No,6.6,"Refrigerator, Parking, Attached Bathroom, Power Backup, Washing Machine, Housekeeping"
117,Crystal Mansion,Girls,Nagaland,Dimapur,Non-AC,Triple,10400,3,2,Available,Yes,3.7,Yes,3.1,"CCTV Surveillance, Gym Access, TV, Washing Machine, Wardrobe"
117,Crystal Mansion,Girls,Nagaland,Dimapur,Non-AC,Single,17400,1,0,Full,No,4.5,No,1.8,"TV, Lift, Study Table, Balcony, Gym Access"
117,Crystal Mansion,Girls,Nagaland,Dimapur,Non-AC,Double,8700,2,2,Available,Yes,3.7,Yes,2.5,"Hot Water Geyser, Security Guard, Laundry, RO Water, WiFi, Power Backup, Refrigerator, Food Included, Lift, Attached Bathroom"
118,Divya Stay,Girls,Nagaland,Dimapur,Non-AC,Triple,6300,3,0,Full,No,3.2,No,2.6,"WiFi, Attached Bathroom, RO Water, Study Table, Parking, Fire Safety, TV, Power Backup, Laundry"
118,Divya Stay,Girls,Nagaland,Dimapur,Non-AC,Single,21600,1,0,Full,Yes,3.4,Yes,2.3,"Attached Bathroom, Washing Machine, Wardrobe, Balcony, WiFi, Food Included, TV, Study Table, Housekeeping, Lift"
118,Divya Stay,Girls,Nagaland,Dimapur,Non-AC,Four Sharing,5400,4,4,Available,Yes,3.9,Yes,7.6,"RO Water, Balcony, Wardrobe, Parking, Study Table"
118,Divya Stay,Girls,Nagaland,Dimapur,Non-AC,Double,11400,2,2,Available,Yes,3.7,No,2.2,"Parking, Fire Safety, CCTV Surveillance, Balcony, Power Backup, TV"
119,Blue Homes,Girls,Odisha,Bhubaneswar,AC,Single,15500,1,0,Full,Yes,3.5,Yes,2.0,"Hot Water Geyser, Study Table, Fire Safety, Laundry, Gym Access"
119,Blue Homes,Girls,Odisha,Bhubaneswar,AC,Triple,9000,3,3,Available,No,3.7,Yes,1.9,"Food Included, Lift, Attached Bathroom, Hot Water Geyser, Fire Safety, TV, Laundry, Power Backup, Gym Access, CCTV Surveillance"
119,Blue Homes,Girls,Odisha,Bhubaneswar,AC,Double,6800,2,1,Available,Yes,3.7,Yes,3.5,"Laundry, Attached Bathroom, Lift, Hot Water Geyser, CCTV Surveillance, Fire Safety, Gym Access"
119,Blue Homes,Girls,Odisha,Bhubaneswar,AC,Four Sharing,6700,4,2,Available,Yes,4.4,No,7.4,"Food Included, Gym Access, Power Backup, Parking, Fire Safety, CCTV Surveillance, Refrigerator, WiFi, Attached Bathroom"
120,Pranathi Stay,Girls,Odisha,Bhubaneswar,Non-AC,Triple,4900,3,1,Available,No,3.0,Yes,5.4,"Housekeeping, RO Water, Laundry, TV, Study Table"
120,Pranathi Stay,Girls,Odisha,Bhubaneswar,Non-AC,Four Sharing,5900,4,1,Available,No,4.3,No,1.9,"RO Water, Fire Safety, Laundry, CCTV Surveillance, Balcony, Food Included, WiFi, Refrigerator"
120,Pranathi Stay,Girls,Odisha,Bhubaneswar,Non-AC,Double,8600,2,1,Available,Yes,3.8,No,2.2,"Gym Access, Security Guard, Lift, TV, Laundry"
121,Meadow Nilayam,Girls,Odisha,Cuttack,AC,Four Sharing,4700,4,4,Available,Yes,4.6,Yes,1.1,"Hot Water Geyser, Food Included, Fire Safety, Refrigerator, Study Table, Laundry, Gym Access"
121,Meadow Nilayam,Girls,Odisha,Cuttack,AC,Single,21500,1,1,Available,No,4.4,No,1.5,"Lift, Parking, WiFi, CCTV Surveillance, Laundry, Refrigerator, Study Table, Housekeeping"
121,Meadow Nilayam,Girls,Odisha,Cuttack,AC,Triple,6100,3,1,Available,No,4.4,Yes,6.5,"Hot Water Geyser, WiFi, CCTV Surveillance, Food Included, Study Table"
122,Swathi Comforts,Girls,Odisha,Cuttack,Non-AC,Four Sharing,7400,4,1,Available,No,4.5,Yes,3.1,"Balcony, Security Guard, Hot Water Geyser, Refrigerator, CCTV Surveillance, Attached Bathroom, WiFi, Housekeeping, Wardrobe"
122,Swathi Comforts,Girls,Odisha,Cuttack,Non-AC,Triple,9600,3,1,Available,Yes,4.1,No,1.1,"Lift, Study Table, Attached Bathroom, Gym Access, Hot Water Geyser, Security Guard, RO Water, Refrigerator, Wardrobe, Housekeeping"
122,Swathi Comforts,Girls,Odisha,Cuttack,Non-AC,Single,16900,1,1,Available,No,3.8,Yes,6.6,"Washing Machine, Housekeeping, Lift, Study Table, TV, Hot Water Geyser, Parking, Food Included"
122,Swathi Comforts,Girls,Odisha,Cuttack,Non-AC,Double,11400,2,2,Available,Yes,4.7,No,5.3,"Refrigerator, Study Table, WiFi, Fire Safety, Food Included, Parking, Lift, Housekeeping, Balcony, Wardrobe"
123,Lake Living,Girls,Odisha,Rourkela,Non-AC,Triple,8000,3,0,Full,Yes,4.0,No,1.7,"Food Included, CCTV Surveillance, Washing Machine, RO Water, Lift, Security Guard, Housekeeping, Laundry"
123,Lake Living,Girls,Odisha,Rourkela,Non-AC,Double,10600,2,0,Full,Yes,4.4,No,2.4,"Hot Water Geyser, Washing Machine, Food Included, Parking, Balcony, Housekeeping, Lift, Power Backup, Laundry, Attached Bathroom"
124,Divya Lodge,Girls,Odisha,Rourkela,AC,Triple,7300,3,1,Available,No,4.6,No,1.1,"Washing Machine, CCTV Surveillance, Food Included, Housekeeping, Attached Bathroom, WiFi, TV"
124,Divya Lodge,Girls,Odisha,Rourkela,AC,Single,19000,1,0,Full,No,3.2,Yes,2.0,"Security Guard, Washing Machine, Power Backup, Food Included, Fire Safety, Refrigerator, Gym Access, TV, Attached Bathroom"
124,Divya Lodge,Girls,Odisha,Rourkela,AC,Double,13800,2,1,Available,Yes,3.5,No,2.6,"Study Table, WiFi, Hot Water Geyser, Power Backup, Washing Machine, Housekeeping, Attached Bathroom, Gym Access"
125,Skyline Comforts,Girls,Odisha,Puri,Non-AC,Single,12400,1,1,Available,No,3.9,Yes,0.6,"Lift, Hot Water Geyser, Parking, Gym Access, Wardrobe, Laundry, Attached Bathroom, Food Included"
125,Skyline Comforts,Girls,Odisha,Puri,Non-AC,Triple,6300,3,3,Available,Yes,3.6,Yes,5.6,"Laundry, Fire Safety, Parking, Study Table, WiFi"
125,Skyline Comforts,Girls,Odisha,Puri,Non-AC,Double,12500,2,1,Available,No,3.6,No,4.2,"Parking, Power Backup, Attached Bathroom, Balcony, Gym Access, Food Included, Fire Safety, CCTV Surveillance, Refrigerator, Security Guard"
126,Nithya Palace,Girls,Odisha,Puri,Non-AC,Triple,5100,3,2,Available,No,3.3,Yes,2.8,"WiFi, Study Table, Hot Water Geyser, Wardrobe, Fire Safety, Laundry, Washing Machine, Power Backup"
126,Nithya Palace,Girls,Odisha,Puri,Non-AC,Double,14200,2,1,Available,No,3.8,Yes,1.5,"Lift, Parking, Study Table, Food Included, WiFi, Housekeeping, Power Backup, Security Guard, Washing Machine, Fire Safety"
126,Nithya Palace,Girls,Odisha,Puri,Non-AC,Single,19000,1,0,Full,No,4.1,Yes,4.4,"Parking, Fire Safety, Refrigerator, Attached Bathroom, CCTV Surveillance"
126,Nithya Palace,Girls,Odisha,Puri,Non-AC,Four Sharing,8200,4,1,Available,No,3.6,Yes,5.8,"Fire Safety, Power Backup, CCTV Surveillance, Refrigerator, TV, Balcony, Washing Machine, Security Guard, Attached Bathroom, Gym Access"
127,Garden Stay,Girls,Punjab,Ludhiana,Non-AC,Triple,8200,3,3,Available,Yes,4.6,Yes,0.8,"Food Included, Security Guard, Attached Bathroom, CCTV Surveillance, Refrigerator, Wardrobe, RO Water, Fire Safety, Laundry"
127,Garden Stay,Girls,Punjab,Ludhiana,Non-AC,Four Sharing,7400,4,0,Full,Yes,4.2,Yes,3.6,"Lift, Balcony, Hot Water Geyser, Parking, Housekeeping, Attached Bathroom, Washing Machine, Fire Safety, TV, WiFi"
127,Garden Stay,Girls,Punjab,Ludhiana,Non-AC,Single,10100,1,1,Available,No,3.1,Yes,0.4,"Power Backup, Food Included, Parking, TV, Refrigerator, CCTV Surveillance, Study Table, Security Guard, Fire Safety, Hot Water Geyser"
127,Garden Stay,Girls,Punjab,Ludhiana,Non-AC,Double,10100,2,2,Available,Yes,4.6,No,2.0,"Balcony, Gym Access, CCTV Surveillance, Wardrobe, Lift"
128,Lasya House,Girls,Punjab,Ludhiana,Non-AC,Triple,10300,3,1,Available,Yes,4.4,No,0.6,"Housekeeping, Lift, Study Table, Security Guard, Balcony"
128,Lasya House,Girls,Punjab,Ludhiana,Non-AC,Double,13700,2,1,Available,Yes,4.2,No,3.3,"Study Table, Gym Access, Wardrobe, Parking, CCTV Surveillance, Housekeeping"
129,Meadow House,Girls,Punjab,Amritsar,Non-AC,Double,14800,2,0,Full,No,3.6,Yes,4.0,"Security Guard, Fire Safety, Housekeeping, Washing Machine, RO Water, Wardrobe, WiFi, Lift"
129,Meadow House,Girls,Punjab,Amritsar,Non-AC,Four Sharing,5600,4,2,Available,Yes,4.1,Yes,5.7,"TV, Power Backup, RO Water, Lift, Balcony, Gym Access"
130,Jyothi House,Girls,Punjab,Amritsar,Non-AC,Four Sharing,7300,4,1,Available,No,3.4,No,3.2,"Power Backup, Parking, Housekeeping, Security Guard, Gym Access, TV"
130,Jyothi House,Girls,Punjab,Amritsar,Non-AC,Single,16800,1,0,Full,No,4.3,No,6.7,"Housekeeping, Lift, Food Included, Power Backup, RO Water"
131,Swathi Stay,Girls,Punjab,Jalandhar,Non-AC,Triple,5000,3,3,Available,Yes,5.0,Yes,5.6,"Refrigerator, Balcony, Power Backup, Food Included, Attached Bathroom, Security Guard"
131,Swathi Stay,Girls,Punjab,Jalandhar,Non-AC,Double,9500,2,0,Full,Yes,3.5,Yes,2.3,"Refrigerator, WiFi, TV, Lift, Hot Water Geyser, Parking"
132,Sunrise Nivas,Girls,Punjab,Jalandhar,AC,Four Sharing,7200,4,0,Full,Yes,3.4,Yes,2.6,"RO Water, Balcony, Wardrobe, Hot Water Geyser, TV, Housekeeping, Food Included, Gym Access"
132,Sunrise Nivas,Girls,Punjab,Jalandhar,AC,Triple,10800,3,3,Available,No,4.2,No,2.3,"RO Water, Housekeeping, Food Included, Security Guard, Lift, TV, Power Backup, Refrigerator"
133,Divya Residency,Girls,Punjab,Patiala,Non-AC,Single,18200,1,1,Available,Yes,4.7,No,6.6,"RO Water, Housekeeping, CCTV Surveillance, Wardrobe, WiFi, Washing Machine, Balcony"
133,Divya Residency,Girls,Punjab,Patiala,Non-AC,Four Sharing,3300,4,3,Available,No,4.4,Yes,2.8,"Food Included, Laundry, TV, Fire Safety, Balcony, CCTV Surveillance"
133,Divya Residency,Girls,Punjab,Patiala,Non-AC,Double,14400,2,2,Available,Yes,3.2,Yes,8.0,"WiFi, Study Table, Parking, Wardrobe, RO Water, Lift, Food Included"
134,Lasya Living,Girls,Punjab,Patiala,Non-AC,Four Sharing,5000,4,3,Available,Yes,3.6,No,3.3,"Refrigerator, Power Backup, Food Included, Lift, Fire Safety, RO Water, Security Guard, Laundry, Hot Water Geyser"
134,Lasya Living,Girls,Punjab,Patiala,Non-AC,Single,14300,1,1,Available,No,3.3,Yes,3.5,"Hot Water Geyser, Power Backup, Balcony, WiFi, RO Water, Food Included, Attached Bathroom"
134,Lasya Living,Girls,Punjab,Patiala,Non-AC,Double,12700,2,2,Available,No,4.8,No,5.7,"Power Backup, Fire Safety, Wardrobe, TV, WiFi"
135,Silver PG,Girls,Rajasthan,Jaipur,AC,Double,14500,2,0,Full,Yes,3.3,No,3.6,"Hot Water Geyser, Washing Machine, Food Included, Power Backup, RO Water, CCTV Surveillance, TV, WiFi, Balcony"
135,Silver PG,Girls,Rajasthan,Jaipur,AC,Triple,5000,3,3,Available,Yes,4.1,Yes,4.8,"Refrigerator, Gym Access, TV, Parking, RO Water, WiFi, CCTV Surveillance, Hot Water Geyser, Balcony, Attached Bathroom"
135,Silver PG,Girls,Rajasthan,Jaipur,AC,Single,12900,1,1,Available,Yes,3.2,No,2.9,"Power Backup, Washing Machine, Attached Bathroom, Balcony, TV, Study Table, CCTV Surveillance"
135,Silver PG,Girls,Rajasthan,Jaipur,AC,Four Sharing,6200,4,1,Available,No,4.8,No,4.8,"Hot Water Geyser, RO Water, Lift, Refrigerator, Housekeeping, Laundry, Attached Bathroom, Washing Machine, Balcony"
136,Valley PG,Girls,Rajasthan,Jaipur,AC,Double,12000,2,1,Available,Yes,4.4,Yes,2.5,"Parking, Gym Access, Attached Bathroom, RO Water, Food Included"
136,Valley PG,Girls,Rajasthan,Jaipur,AC,Four Sharing,4700,4,3,Available,No,4.4,Yes,3.1,"Balcony, TV, Wardrobe, Fire Safety, Attached Bathroom, Power Backup, Housekeeping, Laundry, Refrigerator, Parking"
136,Valley PG,Girls,Rajasthan,Jaipur,AC,Triple,8700,3,3,Available,Yes,4.7,Yes,5.5,"Balcony, Parking, Study Table, Refrigerator, Lift"
136,Valley PG,Girls,Rajasthan,Jaipur,AC,Single,15700,1,1,Available,No,4.2,Yes,6.8,"Parking, Fire Safety, Laundry, CCTV Surveillance, Housekeeping, Hot Water Geyser, Security Guard, Food Included, Refrigerator, Balcony"
137,Sahithi Stay,Girls,Rajasthan,Jodhpur,Non-AC,Triple,6300,3,1,Available,No,4.8,No,1.9,"WiFi, Lift, Wardrobe, Fire Safety, Power Backup, Gym Access, Housekeeping, CCTV Surveillance"
137,Sahithi Stay,Girls,Rajasthan,Jodhpur,Non-AC,Double,9400,2,0,Full,Yes,3.9,No,4.7,"Laundry, Hot Water Geyser, Lift, TV, Housekeeping, WiFi, Parking, Attached Bathroom, Balcony"
137,Sahithi Stay,Girls,Rajasthan,Jodhpur,Non-AC,Single,21800,1,0,Full,Yes,4.3,No,4.5,"CCTV Surveillance, Balcony, Lift, Refrigerator, Study Table, Housekeeping, Laundry, Power Backup"
138,Anjali Living,Girls,Rajasthan,Jodhpur,Non-AC,Single,16300,1,0,Full,Yes,3.7,No,5.4,"Attached Bathroom, Lift, Security Guard, Balcony, Fire Safety, Wardrobe, TV, Parking"
138,Anjali Living,Girls,Rajasthan,Jodhpur,Non-AC,Triple,5000,3,1,Available,Yes,3.5,Yes,1.8,"Gym Access, Washing Machine, Housekeeping, Security Guard, Lift, Hot Water Geyser"
138,Anjali Living,Girls,Rajasthan,Jodhpur,Non-AC,Double,6200,2,2,Available,Yes,4.6,Yes,1.6,"Laundry, Lift, WiFi, Balcony, Gym Access"
139,River Residency,Girls,Rajasthan,Udaipur,AC,Single,14700,1,0,Full,No,3.6,No,3.4,"Attached Bathroom, WiFi, Washing Machine, Food Included, RO Water"
139,River Residency,Girls,Rajasthan,Udaipur,AC,Triple,5800,3,1,Available,No,5.0,Yes,0.9,"RO Water, Gym Access, Security Guard, Study Table, Power Backup"
140,Tejaswi Comforts,Girls,Rajasthan,Udaipur,AC,Triple,8200,3,3,Available,Yes,4.0,No,5.3,"RO Water, Attached Bathroom, WiFi, Power Backup, Gym Access, Fire Safety, Wardrobe, Lift"
140,Tejaswi Comforts,Girls,Rajasthan,Udaipur,AC,Double,10400,2,0,Full,No,4.3,No,5.4,"Gym Access, Hot Water Geyser, Study Table, Lift, Wardrobe"
140,Tejaswi Comforts,Girls,Rajasthan,Udaipur,AC,Single,9600,1,1,Available,Yes,3.7,Yes,7.4,"Wardrobe, Security Guard, WiFi, RO Water, Lift, Gym Access, Refrigerator, Washing Machine, Study Table"
141,Yamini Mansion,Girls,Rajasthan,Kota,AC,Single,10400,1,1,Available,Yes,4.5,Yes,0.4,"Parking, Refrigerator, Hot Water Geyser, Wardrobe, Balcony, Study Table, Lift, RO Water, Security Guard, TV"
141,Yamini Mansion,Girls,Rajasthan,Kota,AC,Triple,10500,3,2,Available,Yes,4.9,Yes,2.1,"Wardrobe, Study Table, CCTV Surveillance, Lift, Parking, RO Water, Refrigerator, Fire Safety, Balcony"
141,Yamini Mansion,Girls,Rajasthan,Kota,AC,Double,11500,2,0,Full,No,4.6,Yes,7.5,"WiFi, Wardrobe, Balcony, Laundry, Washing Machine, Parking"
141,Yamini Mansion,Girls,Rajasthan,Kota,AC,Four Sharing,3700,4,1,Available,No,3.3,No,4.4,"Security Guard, Power Backup, Lift, Attached Bathroom, CCTV Surveillance"
142,Diamond Living,Girls,Rajasthan,Kota,AC,Single,9500,1,0,Full,No,4.3,No,7.8,"Parking, Washing Machine, Wardrobe, CCTV Surveillance, Lift, Attached Bathroom"
142,Diamond Living,Girls,Rajasthan,Kota,AC,Double,9600,2,2,Available,Yes,3.3,No,7.1,"WiFi, Power Backup, Housekeeping, TV, Fire Safety, CCTV Surveillance"
143,Chandana Cottage,Girls,Sikkim,Gangtok,Non-AC,Double,11200,2,1,Available,Yes,3.3,Yes,7.5,"Laundry, Wardrobe, Fire Safety, CCTV Surveillance, Hot Water Geyser"
143,Chandana Cottage,Girls,Sikkim,Gangtok,Non-AC,Four Sharing,6900,4,0,Full,No,4.3,Yes,0.4,"Housekeeping, Hot Water Geyser, RO Water, Study Table, Lift, Refrigerator, Parking"
143,Chandana Cottage,Girls,Sikkim,Gangtok,Non-AC,Single,19400,1,0,Full,No,3.1,No,2.4,"Power Backup, Housekeeping, RO Water, Washing Machine, Lift, CCTV Surveillance, Fire Safety, Attached Bathroom, Hot Water Geyser, Gym Access"
143,Chandana Cottage,Girls,Sikkim,Gangtok,Non-AC,Triple,7300,3,0,Full,Yes,3.9,No,6.9,"Gym Access, Refrigerator, Wardrobe, Power Backup, Hot Water Geyser, Security Guard, Study Table"
144,Pearl Villa,Girls,Sikkim,Gangtok,AC,Four Sharing,6000,4,3,Available,Yes,4.1,Yes,7.4,"CCTV Surveillance, TV, RO Water, Attached Bathroom, Fire Safety, Gym Access, Parking, Hot Water Geyser, Wardrobe, Lift"
144,Pearl Villa,Girls,Sikkim,Gangtok,AC,Double,13300,2,2,Available,Yes,3.3,No,5.2,"RO Water, WiFi, Refrigerator, Gym Access, Study Table"
145,Sunshine Villa,Girls,Tamil Nadu,Chennai,Non-AC,Four Sharing,5100,4,0,Full,Yes,3.6,Yes,3.4,"Lift, RO Water, Study Table, Wardrobe, Power Backup, Gym Access, Food Included, CCTV Surveillance, Refrigerator"
145,Sunshine Villa,Girls,Tamil Nadu,Chennai,Non-AC,Triple,6600,3,3,Available,No,4.3,No,5.1,"Security Guard, Attached Bathroom, Balcony, RO Water, Washing Machine, CCTV Surveillance"
145,Sunshine Villa,Girls,Tamil Nadu,Chennai,Non-AC,Single,18600,1,1,Available,No,4.5,Yes,7.8,"Attached Bathroom, Housekeeping, Food Included, Parking, Balcony, Fire Safety, CCTV Surveillance, Wardrobe, Gym Access"
146,Skyline Mansion,Girls,Tamil Nadu,Chennai,Non-AC,Four Sharing,4600,4,0,Full,Yes,4.3,Yes,3.2,"TV, Study Table, Laundry, CCTV Surveillance, Washing Machine, Gym Access, Housekeeping, Power Backup, Food Included"
146,Skyline Mansion,Girls,Tamil Nadu,Chennai,Non-AC,Triple,5900,3,0,Full,No,3.6,No,5.1,"Study Table, Lift, Hot Water Geyser, Refrigerator, Parking, Balcony, Laundry"
146,Skyline Mansion,Girls,Tamil Nadu,Chennai,Non-AC,Single,13700,1,1,Available,No,4.5,Yes,4.8,"Wardrobe, Balcony, Laundry, Housekeeping, TV, Parking, Washing Machine, CCTV Surveillance, Refrigerator, Power Backup"
147,Sindhura Comforts,Girls,Tamil Nadu,Coimbatore,AC,Triple,9800,3,3,Available,No,3.6,Yes,4.7,"TV, Housekeeping, Study Table, Gym Access, Balcony, RO Water"
147,Sindhura Comforts,Girls,Tamil Nadu,Coimbatore,AC,Single,19400,1,1,Available,Yes,5.0,Yes,4.7,"Security Guard, Balcony, Wardrobe, Washing Machine, Gym Access"
147,Sindhura Comforts,Girls,Tamil Nadu,Coimbatore,AC,Four Sharing,4900,4,3,Available,Yes,4.0,Yes,3.9,"Washing Machine, Gym Access, WiFi, Refrigerator, TV, Fire Safety"
147,Sindhura Comforts,Girls,Tamil Nadu,Coimbatore,AC,Double,7700,2,2,Available,No,4.6,Yes,2.4,"Fire Safety, Parking, Housekeeping, TV, Wardrobe, Security Guard, WiFi, Food Included"
148,Anjali Nilayam,Girls,Tamil Nadu,Coimbatore,AC,Triple,4900,3,2,Available,No,4.5,No,2.3,"TV, Balcony, Washing Machine, Refrigerator, WiFi, Power Backup, Parking, Lift"
148,Anjali Nilayam,Girls,Tamil Nadu,Coimbatore,AC,Single,13200,1,0,Full,No,3.5,No,0.4,"TV, Fire Safety, WiFi, Attached Bathroom, Refrigerator, Laundry, Power Backup, Parking, Food Included, Washing Machine"
148,Anjali Nilayam,Girls,Tamil Nadu,Coimbatore,AC,Double,11500,2,1,Available,Yes,4.0,No,2.2,"Lift, Gym Access, TV, Study Table, Food Included, Parking, Housekeeping, Balcony, CCTV Surveillance"
148,Anjali Nilayam,Girls,Tamil Nadu,Coimbatore,AC,Four Sharing,7800,4,1,Available,No,4.0,Yes,2.1,"Fire Safety, Power Backup, Hot Water Geyser, Balcony, Attached Bathroom, WiFi, Security Guard"
149,Skyline Nilayam,Girls,Tamil Nadu,Madurai,Non-AC,Triple,9600,3,0,Full,Yes,4.3,Yes,3.5,"Housekeeping, Food Included, Washing Machine, Security Guard, Laundry, CCTV Surveillance, Parking, Attached Bathroom"
149,Skyline Nilayam,Girls,Tamil Nadu,Madurai,Non-AC,Double,13400,2,0,Full,Yes,4.9,Yes,4.2,"Wardrobe, CCTV Surveillance, TV, Housekeeping, Washing Machine, Hot Water Geyser"
149,Skyline Nilayam,Girls,Tamil Nadu,Madurai,Non-AC,Four Sharing,3800,4,3,Available,No,4.6,Yes,7.7,"WiFi, Gym Access, Security Guard, Housekeeping, Attached Bathroom, Refrigerator, Lift"
150,Blue Cottage,Girls,Tamil Nadu,Madurai,Non-AC,Double,7900,2,0,Full,Yes,4.6,No,3.0,"RO Water, Power Backup, Balcony, Food Included, TV"
150,Blue Cottage,Girls,Tamil Nadu,Madurai,Non-AC,Triple,9300,3,3,Available,No,3.9,No,2.5,"WiFi, Housekeeping, Gym Access, Parking, Laundry, Power Backup, RO Water, Attached Bathroom, Washing Machine"
150,Blue Cottage,Girls,Tamil Nadu,Madurai,Non-AC,Single,17500,1,1,Available,Yes,4.9,Yes,7.7,"Attached Bathroom, Food Included, CCTV Surveillance, WiFi, Gym Access"
150,Blue Cottage,Girls,Tamil Nadu,Madurai,Non-AC,Four Sharing,6700,4,4,Available,No,3.6,Yes,3.4,"Refrigerator, Attached Bathroom, Food Included, Fire Safety, CCTV Surveillance, Hot Water Geyser, Power Backup, Study Table, RO Water"
151,Sasi Lodge,Girls,Tamil Nadu,Tiruchirappalli,AC,Triple,7600,3,0,Full,Yes,4.0,Yes,3.4,"Gym Access, Fire Safety, Parking, CCTV Surveillance, Wardrobe, Security Guard"
151,Sasi Lodge,Girls,Tamil Nadu,Tiruchirappalli,AC,Single,10100,1,1,Available,No,3.5,Yes,1.1,"Study Table, Security Guard, Power Backup, Attached Bathroom, Parking, Refrigerator, Balcony, Laundry, WiFi, Food Included"
151,Sasi Lodge,Girls,Tamil Nadu,Tiruchirappalli,AC,Double,10800,2,0,Full,No,3.5,Yes,3.5,"Laundry, Gym Access, Security Guard, Housekeeping, RO Water"
152,Meghana Nilayam,Girls,Tamil Nadu,Tiruchirappalli,Non-AC,Four Sharing,6000,4,4,Available,Yes,4.6,Yes,5.9,"Power Backup, Fire Safety, Washing Machine, Attached Bathroom, CCTV Surveillance, Lift, Balcony, RO Water"
152,Meghana Nilayam,Girls,Tamil Nadu,Tiruchirappalli,Non-AC,Double,6200,2,2,Available,No,4.2,No,4.7,"Security Guard, Food Included, CCTV Surveillance, Washing Machine, RO Water, Attached Bathroom, Housekeeping, Fire Safety"
152,Meghana Nilayam,Girls,Tamil Nadu,Tiruchirappalli,Non-AC,Single,15000,1,0,Full,No,4.0,Yes,3.5,"TV, Laundry, Lift, WiFi, Washing Machine, Study Table, Food Included"
152,Meghana Nilayam,Girls,Tamil Nadu,Tiruchirappalli,Non-AC,Triple,7400,3,3,Available,No,3.3,Yes,3.1,"Security Guard, WiFi, CCTV Surveillance, Food Included, TV, RO Water"
153,Deepika Hostel,Girls,Telangana,Hyderabad,Non-AC,Double,12500,2,2,Available,No,3.9,Yes,2.0,"Power Backup, Study Table, Lift, CCTV Surveillance, Food Included, Housekeeping, Security Guard"
153,Deepika Hostel,Girls,Telangana,Hyderabad,Non-AC,Four Sharing,6400,4,0,Full,No,4.3,No,6.3,"CCTV Surveillance, Power Backup, WiFi, RO Water, Attached Bathroom, Security Guard, Refrigerator, Study Table, Wardrobe"
154,Park Stay,Girls,Telangana,Hyderabad,AC,Triple,10100,3,1,Available,No,4.9,Yes,2.8,"WiFi, Power Backup, Refrigerator, RO Water, Parking, Washing Machine, Balcony, Gym Access, Fire Safety"
154,Park Stay,Girls,Telangana,Hyderabad,AC,Single,19900,1,0,Full,No,4.1,Yes,6.9,"Fire Safety, CCTV Surveillance, Attached Bathroom, Refrigerator, Balcony, Lift, TV, Washing Machine, Security Guard"
155,Yamini Living,Girls,Telangana,Warangal,AC,Double,8600,2,1,Available,Yes,4.8,No,1.6,"Wardrobe, Gym Access, Fire Safety, CCTV Surveillance, Study Table, Lift, WiFi"
155,Yamini Living,Girls,Telangana,Warangal,AC,Triple,7600,3,2,Available,Yes,5.0,No,5.5,"Refrigerator, CCTV Surveillance, Security Guard, Study Table, Lift, Fire Safety, Gym Access, TV"
155,Yamini Living,Girls,Telangana,Warangal,AC,Single,11300,1,0,Full,Yes,4.3,No,0.2,"RO Water, Parking, Laundry, Refrigerator, Balcony, Power Backup, Food Included, CCTV Surveillance, Attached Bathroom, Hot Water Geyser"
156,Sruthi Living,Girls,Telangana,Warangal,Non-AC,Single,17300,1,0,Full,Yes,3.3,No,7.0,"Security Guard, RO Water, Housekeeping, Hot Water Geyser, Gym Access"
156,Sruthi Living,Girls,Telangana,Warangal,Non-AC,Triple,8600,3,2,Available,No,3.1,No,2.2,"Wardrobe, Study Table, Balcony, TV, Power Backup"
156,Sruthi Living,Girls,Telangana,Warangal,Non-AC,Four Sharing,4800,4,4,Available,No,3.6,No,5.0,"Food Included, Laundry, Wardrobe, Study Table, Parking, Washing Machine"
157,Sravani Stay,Girls,Telangana,Nizamabad,Non-AC,Triple,4400,3,1,Available,No,4.0,No,1.3,"RO Water, Security Guard, Lift, Parking, Food Included, Attached Bathroom, Fire Safety, Gym Access, WiFi, Washing Machine"
157,Sravani Stay,Girls,Telangana,Nizamabad,Non-AC,Single,13200,1,0,Full,Yes,4.2,Yes,1.2,"Power Backup, Attached Bathroom, Parking, RO Water, CCTV Surveillance, Refrigerator, Washing Machine"
157,Sravani Stay,Girls,Telangana,Nizamabad,Non-AC,Four Sharing,5600,4,2,Available,Yes,3.3,Yes,3.7,"CCTV Surveillance, TV, Wardrobe, Fire Safety, Washing Machine, Refrigerator"
157,Sravani Stay,Girls,Telangana,Nizamabad,Non-AC,Double,9400,2,1,Available,No,4.6,Yes,4.3,"Lift, Power Backup, Balcony, Security Guard, Refrigerator, TV, Food Included, Laundry, Parking"
158,Charitha PG,Girls,Telangana,Nizamabad,Non-AC,Double,12400,2,1,Available,No,3.1,No,5.6,"Study Table, Washing Machine, CCTV Surveillance, Lift, Attached Bathroom, Security Guard, Wardrobe"
158,Charitha PG,Girls,Telangana,Nizamabad,Non-AC,Triple,4500,3,2,Available,No,3.6,Yes,6.0,"Study Table, Attached Bathroom, Wardrobe, Fire Safety, Security Guard"
159,Keerthi Residency,Girls,Telangana,Karimnagar,Non-AC,Single,18700,1,1,Available,Yes,3.1,No,4.5,"Parking, RO Water, Balcony, Laundry, CCTV Surveillance, Lift, Power Backup, Food Included, Washing Machine"
159,Keerthi Residency,Girls,Telangana,Karimnagar,Non-AC,Triple,5300,3,3,Available,Yes,4.9,Yes,2.0,"Hot Water Geyser, CCTV Surveillance, Wardrobe, Security Guard, Parking, RO Water, Refrigerator, Balcony, Study Table, TV"
159,Keerthi Residency,Girls,Telangana,Karimnagar,Non-AC,Four Sharing,6400,4,3,Available,No,3.0,Yes,5.5,"Balcony, Gym Access, Food Included, Study Table, RO Water, Lift, Laundry"
160,Rajeswari Comforts,Girls,Telangana,Karimnagar,Non-AC,Four Sharing,7700,4,1,Available,Yes,3.7,No,3.1,"Gym Access, Food Included, Power Backup, Fire Safety, Laundry"
160,Rajeswari Comforts,Girls,Telangana,Karimnagar,Non-AC,Triple,4900,3,3,Available,No,3.5,No,5.3,"Balcony, Fire Safety, Lift, TV, Study Table, Hot Water Geyser, RO Water, Gym Access"
161,Jyothi Residency,Girls,Tripura,Agartala,AC,Triple,9600,3,1,Available,Yes,3.4,Yes,2.9,"Refrigerator, TV, Food Included, WiFi, RO Water, CCTV Surveillance, Washing Machine, Wardrobe"
161,Jyothi Residency,Girls,Tripura,Agartala,AC,Four Sharing,7700,4,3,Available,No,4.5,Yes,3.9,"TV, Wardrobe, Food Included, Power Backup, Lift, Fire Safety, Parking, Laundry"
161,Jyothi Residency,Girls,Tripura,Agartala,AC,Single,18400,1,0,Full,No,4.7,Yes,2.3,"Fire Safety, Power Backup, Washing Machine, WiFi, Study Table, Lift, Parking, Housekeeping, TV, Food Included"
161,Jyothi Residency,Girls,Tripura,Agartala,AC,Double,11000,2,1,Available,No,4.6,Yes,1.6,"Security Guard, Laundry, Lift, Washing Machine, Hot Water Geyser"
162,Green PG,Girls,Tripura,Agartala,AC,Triple,8500,3,0,Full,Yes,4.9,No,5.6,"Study Table, Laundry, Balcony, Wardrobe, Refrigerator, Lift, RO Water, Attached Bathroom, WiFi, Parking"
162,Green PG,Girls,Tripura,Agartala,AC,Double,12300,2,0,Full,No,3.5,No,0.6,"Hot Water Geyser, Balcony, Attached Bathroom, Lift, Power Backup"
162,Green PG,Girls,Tripura,Agartala,AC,Four Sharing,8000,4,2,Available,Yes,4.1,No,2.9,"Laundry, Lift, Security Guard, Hot Water Geyser, Parking, Balcony"
163,Metro Comforts,Girls,Uttar Pradesh,Lucknow,Non-AC,Four Sharing,8200,4,4,Available,Yes,3.2,Yes,4.4,"Food Included, CCTV Surveillance, Lift, Washing Machine, Parking, Housekeeping, Balcony, TV, Security Guard"
163,Metro Comforts,Girls,Uttar Pradesh,Lucknow,Non-AC,Triple,7700,3,1,Available,Yes,4.4,Yes,1.2,"Security Guard, Parking, WiFi, Balcony, Study Table, Fire Safety, Attached Bathroom, RO Water"
163,Metro Comforts,Girls,Uttar Pradesh,Lucknow,Non-AC,Double,12500,2,1,Available,Yes,3.5,Yes,7.8,"Laundry, Hot Water Geyser, Power Backup, Security Guard, Attached Bathroom, Food Included"
163,Metro Comforts,Girls,Uttar Pradesh,Lucknow,Non-AC,Single,15100,1,0,Full,No,3.9,No,7.5,"Gym Access, Parking, Washing Machine, Wardrobe, Lift, Laundry, Refrigerator, Food Included"
164,Sindhura Cottage,Girls,Uttar Pradesh,Lucknow,Non-AC,Single,18900,1,1,Available,Yes,3.2,No,3.9,"Wardrobe, CCTV Surveillance, RO Water, Gym Access, Parking, Lift, Hot Water Geyser, Security Guard"
164,Sindhura Cottage,Girls,Uttar Pradesh,Lucknow,Non-AC,Four Sharing,7700,4,0,Full,Yes,3.7,Yes,4.8,"Hot Water Geyser, Fire Safety, Lift, Wardrobe, Gym Access, Housekeeping, Refrigerator, Washing Machine, Laundry, Power Backup"
164,Sindhura Cottage,Girls,Uttar Pradesh,Lucknow,Non-AC,Triple,6000,3,2,Available,No,3.1,No,1.1,"Lift, Fire Safety, WiFi, Wardrobe, Laundry, TV"
165,Rajeswari Nilayam,Girls,Uttar Pradesh,Kanpur,AC,Four Sharing,6100,4,4,Available,Yes,4.1,No,1.8,"Hot Water Geyser, Washing Machine, Attached Bathroom, Food Included, Balcony"
165,Rajeswari Nilayam,Girls,Uttar Pradesh,Kanpur,AC,Double,10300,2,0,Full,Yes,3.0,No,7.8,"Lift, Study Table, WiFi, Fire Safety, CCTV Surveillance, TV, Balcony, Laundry"
165,Rajeswari Nilayam,Girls,Uttar Pradesh,Kanpur,AC,Single,21600,1,1,Available,No,4.1,No,0.4,"Study Table, WiFi, Laundry, Balcony, Lift, RO Water, Wardrobe"
166,Meadow Residency,Girls,Uttar Pradesh,Kanpur,Non-AC,Triple,7300,3,0,Full,Yes,3.8,Yes,1.1,"Fire Safety, WiFi, Attached Bathroom, RO Water, Parking, Refrigerator, Wardrobe"
166,Meadow Residency,Girls,Uttar Pradesh,Kanpur,Non-AC,Single,18300,1,0,Full,Yes,3.4,Yes,2.0,"Washing Machine, Wardrobe, Food Included, Study Table, RO Water, Fire Safety, Laundry"
167,Navya House,Girls,Uttar Pradesh,Noida,Non-AC,Single,11300,1,1,Available,Yes,3.6,No,6.0,"Hot Water Geyser, RO Water, Wardrobe, Laundry, Attached Bathroom, Food Included, Lift, CCTV Surveillance, Refrigerator"
167,Navya House,Girls,Uttar Pradesh,Noida,Non-AC,Four Sharing,4200,4,3,Available,Yes,4.7,Yes,5.9,"Food Included, Housekeeping, Fire Safety, CCTV Surveillance, Hot Water Geyser, TV, Lift, Security Guard, Wardrobe"
167,Navya House,Girls,Uttar Pradesh,Noida,Non-AC,Double,9400,2,1,Available,No,3.3,No,5.1,"Lift, Refrigerator, Attached Bathroom, Fire Safety, Food Included, RO Water"
167,Navya House,Girls,Uttar Pradesh,Noida,Non-AC,Triple,6600,3,1,Available,Yes,4.0,No,5.3,"Balcony, CCTV Surveillance, Laundry, Power Backup, Hot Water Geyser, Study Table, Washing Machine, RO Water, Fire Safety, WiFi"
168,Pranathi PG,Girls,Uttar Pradesh,Noida,Non-AC,Four Sharing,3200,4,2,Available,Yes,4.7,Yes,3.4,"Washing Machine, Fire Safety, CCTV Surveillance, WiFi, TV, Study Table, Gym Access"
168,Pranathi PG,Girls,Uttar Pradesh,Noida,Non-AC,Single,16000,1,0,Full,Yes,3.2,No,3.8,"Gym Access, CCTV Surveillance, Power Backup, Attached Bathroom, Lift, Refrigerator"
168,Pranathi PG,Girls,Uttar Pradesh,Noida,Non-AC,Double,7400,2,0,Full,No,3.4,Yes,5.1,"Wardrobe, Attached Bathroom, Laundry, WiFi, Housekeeping, RO Water, TV, CCTV Surveillance, Food Included"
169,Nithya Lodge,Girls,Uttar Pradesh,Varanasi,Non-AC,Four Sharing,6600,4,1,Available,No,3.8,Yes,3.5,"Parking, Fire Safety, CCTV Surveillance, Refrigerator, Balcony, Washing Machine, Lift, RO Water, Laundry"
169,Nithya Lodge,Girls,Uttar Pradesh,Varanasi,Non-AC,Triple,8400,3,1,Available,No,4.1,Yes,1.8,"CCTV Surveillance, Wardrobe, Laundry, Gym Access, Study Table, Attached Bathroom"
169,Nithya Lodge,Girls,Uttar Pradesh,Varanasi,Non-AC,Single,13200,1,0,Full,Yes,3.1,Yes,0.4,"Security Guard, Fire Safety, Laundry, Power Backup, Study Table"
170,Tejaswi Villa,Girls,Uttar Pradesh,Varanasi,Non-AC,Triple,8800,3,3,Available,Yes,4.5,Yes,7.8,"Housekeeping, Parking, Wardrobe, Lift, Hot Water Geyser, Fire Safety"
170,Tejaswi Villa,Girls,Uttar Pradesh,Varanasi,Non-AC,Four Sharing,7000,4,1,Available,Yes,4.0,No,3.4,"TV, RO Water, Refrigerator, Gym Access, Food Included, Hot Water Geyser, Lift"
170,Tejaswi Villa,Girls,Uttar Pradesh,Varanasi,Non-AC,Double,11300,2,2,Available,Yes,4.3,Yes,4.4,"TV, Power Backup, Gym Access, Balcony, Laundry, Food Included, Attached Bathroom"
171,Spandana Mansion,Girls,Uttarakhand,Dehradun,Non-AC,Triple,4300,3,0,Full,No,3.6,No,6.3,"RO Water, Gym Access, WiFi, CCTV Surveillance, Attached Bathroom, Power Backup, Parking"
171,Spandana Mansion,Girls,Uttarakhand,Dehradun,Non-AC,Double,9100,2,1,Available,No,3.8,No,4.8,"Food Included, Security Guard, Hot Water Geyser, Washing Machine, Fire Safety, Study Table, Laundry, Refrigerator, TV"
171,Spandana Mansion,Girls,Uttarakhand,Dehradun,Non-AC,Single,17200,1,0,Full,No,3.7,No,2.4,"Study Table, Housekeeping, Refrigerator, Attached Bathroom, Hot Water Geyser, Power Backup, Gym Access, CCTV Surveillance, Laundry"
171,Spandana Mansion,Girls,Uttarakhand,Dehradun,Non-AC,Four Sharing,7100,4,4,Available,Yes,4.9,No,6.4,"RO Water, Attached Bathroom, Refrigerator, Laundry, Power Backup"
172,Green Palace,Girls,Uttarakhand,Dehradun,Non-AC,Four Sharing,7100,4,2,Available,No,4.7,No,1.2,"Housekeeping, Security Guard, Gym Access, CCTV Surveillance, Hot Water Geyser, Balcony"
172,Green Palace,Girls,Uttarakhand,Dehradun,Non-AC,Single,12300,1,1,Available,Yes,3.2,No,5.8,"Hot Water Geyser, Attached Bathroom, TV, Power Backup, Balcony, Gym Access, RO Water, WiFi, CCTV Surveillance, Washing Machine"
173,Tejaswi Cottage,Girls,Uttarakhand,Haridwar,AC,Double,14300,2,1,Available,No,3.6,Yes,7.4,"Laundry, Hot Water Geyser, Wardrobe, Refrigerator, Lift, Fire Safety, CCTV Surveillance, Balcony"
173,Tejaswi Cottage,Girls,Uttarakhand,Haridwar,AC,Single,20100,1,0,Full,Yes,3.5,Yes,7.1,"Parking, Power Backup, Washing Machine, Lift, Balcony, Refrigerator, Housekeeping, Wardrobe"
174,Yamini Lodge,Girls,Uttarakhand,Haridwar,Non-AC,Single,9500,1,0,Full,Yes,3.8,Yes,1.9,"Hot Water Geyser, Fire Safety, Food Included, Washing Machine, Laundry"
174,Yamini Lodge,Girls,Uttarakhand,Haridwar,Non-AC,Triple,9500,3,0,Full,No,4.9,No,1.0,"Food Included, Attached Bathroom, CCTV Surveillance, Security Guard, Power Backup, Hot Water Geyser, TV, Study Table, Lift, Parking"
174,Yamini Lodge,Girls,Uttarakhand,Haridwar,Non-AC,Double,7000,2,1,Available,Yes,3.2,Yes,2.8,"Refrigerator, Balcony, Food Included, Washing Machine, Study Table, Security Guard"
175,Mounika Stay,Girls,Uttarakhand,Nainital,Non-AC,Double,7600,2,0,Full,Yes,4.2,Yes,7.7,"Parking, Refrigerator, Security Guard, Housekeeping, Power Backup"
175,Mounika Stay,Girls,Uttarakhand,Nainital,Non-AC,Single,9500,1,1,Available,Yes,4.1,Yes,1.6,"Fire Safety, RO Water, Attached Bathroom, Balcony, Food Included, Gym Access"
176,Sirisha Hostel,Girls,Uttarakhand,Nainital,AC,Triple,10100,3,3,Available,No,3.7,Yes,4.7,"Laundry, Security Guard, Lift, Food Included, Study Table, Washing Machine"
176,Sirisha Hostel,Girls,Uttarakhand,Nainital,AC,Double,12600,2,1,Available,No,5.0,No,1.6,"Washing Machine, Security Guard, Gym Access, WiFi, CCTV Surveillance, Attached Bathroom, RO Water, Refrigerator, Balcony"
177,Uma Mansion,Girls,West Bengal,Kolkata,Non-AC,Single,15800,1,0,Full,Yes,4.1,Yes,3.2,"Hot Water Geyser, Study Table, Washing Machine, Refrigerator, CCTV Surveillance, RO Water, Gym Access, Balcony"
177,Uma Mansion,Girls,West Bengal,Kolkata,Non-AC,Double,15000,2,0,Full,No,3.1,Yes,0.4,"TV, Washing Machine, Lift, Refrigerator, Fire Safety, Laundry, Housekeeping, Parking, Power Backup, Food Included"
177,Uma Mansion,Girls,West Bengal,Kolkata,Non-AC,Four Sharing,9000,4,4,Available,Yes,3.2,No,6.9,"Security Guard, Gym Access, Fire Safety, RO Water, Balcony, WiFi, Refrigerator"
178,Navya Manor,Girls,West Bengal,Kolkata,AC,Double,17900,2,2,Available,No,3.7,Yes,6.1,"Wardrobe, WiFi, Study Table, Fire Safety, Power Backup"
178,Navya Manor,Girls,West Bengal,Kolkata,AC,Single,24200,1,0,Full,Yes,3.8,Yes,4.9,"Study Table, Power Backup, Laundry, Parking, Housekeeping"
178,Navya Manor,Girls,West Bengal,Kolkata,AC,Triple,12900,3,0,Full,No,3.9,No,2.9,"Parking, Security Guard, Study Table, WiFi, Power Backup, Food Included"
179,Deepika Homes,Girls,West Bengal,Howrah,Non-AC,Four Sharing,3500,4,1,Available,Yes,4.5,Yes,6.3,"Balcony, Wardrobe, Study Table, Gym Access, Laundry, Parking, Fire Safety, Attached Bathroom, Refrigerator"
179,Deepika Homes,Girls,West Bengal,Howrah,Non-AC,Triple,10100,3,1,Available,No,4.1,No,5.4,"Hot Water Geyser, Lift, Refrigerator, RO Water, TV, Study Table, Balcony, Power Backup, Laundry, Security Guard"
180,Alekhya Manor,Girls,West Bengal,Howrah,AC,Four Sharing,8400,4,2,Available,Yes,3.2,No,1.4,"Food Included, RO Water, Gym Access, Housekeeping, Parking, Fire Safety, Study Table"
180,Alekhya Manor,Girls,West Bengal,Howrah,AC,Single,15700,1,0,Full,No,3.6,Yes,4.6,"Lift, Gym Access, CCTV Surveillance, Wardrobe, WiFi, Washing Machine, Parking, Housekeeping, Security Guard"
180,Alekhya Manor,Girls,West Bengal,Howrah,AC,Double,9700,2,2,Available,Yes,4.3,Yes,4.0,"TV, Lift, Power Backup, Parking, Refrigerator, CCTV Surveillance"
181,Charitha Palace,Girls,West Bengal,Siliguri,AC,Triple,7700,3,3,Available,Yes,3.1,Yes,5.6,"Food Included, Gym Access, Refrigerator, Hot Water Geyser, Fire Safety, Parking, WiFi, TV, Study Table"
181,Charitha Palace,Girls,West Bengal,Siliguri,AC,Double,11000,2,1,Available,Yes,3.2,No,2.5,"Attached Bathroom, Power Backup, Lift, Hot Water Geyser, Study Table, CCTV Surveillance, RO Water, WiFi, Gym Access"
182,Skyline Residency,Girls,West Bengal,Siliguri,Non-AC,Double,11500,2,2,Available,No,4.8,No,1.8,"Security Guard, Laundry, Gym Access, Fire Safety, Housekeeping, Lift, Study Table, Parking, Refrigerator"
182,Skyline Residency,Girls,West Bengal,Siliguri,Non-AC,Four Sharing,7000,4,0,Full,Yes,4.2,Yes,0.7,"Attached Bathroom, Fire Safety, Parking, CCTV Surveillance, Study Table, RO Water, Wardrobe, Laundry, Balcony"
182,Skyline Residency,Girls,West Bengal,Siliguri,Non-AC,Triple,10000,3,1,Available,No,4.6,Yes,7.0,"Washing Machine, Gym Access, Housekeeping, TV, Security Guard"
182,Skyline Residency,Girls,West Bengal,Siliguri,Non-AC,Single,16800,1,0,Full,Yes,3.1,No,5.9,"Parking, Study Table, Wardrobe, Security Guard, Laundry, Refrigerator, Power Backup, Washing Machine, Hot Water Geyser"
183,Sahithi Lodge,Girls,West Bengal,Durgapur,Non-AC,Four Sharing,7500,4,4,Available,Yes,4.6,No,0.5,"CCTV Surveillance, Food Included, Balcony, Fire Safety, Refrigerator, Gym Access, Housekeeping, Security Guard"
183,Sahithi Lodge,Girls,West Bengal,Durgapur,Non-AC,Single,20300,1,1,Available,No,4.4,No,3.3,"Refrigerator, Food Included, Attached Bathroom, Housekeeping, CCTV Surveillance, Wardrobe, Fire Safety, Parking, Power Backup"
183,Sahithi Lodge,Girls,West Bengal,Durgapur,Non-AC,Triple,10100,3,2,Available,Yes,3.7,No,1.6,"RO Water, Housekeeping, Washing Machine, Power Backup, Refrigerator, Lift, Balcony"
183,Sahithi Lodge,Girls,West Bengal,Durgapur,Non-AC,Double,13500,2,1,Available,No,3.6,No,4.8,"Fire Safety, RO Water, Security Guard, Laundry, TV, Food Included, Hot Water Geyser"
184,Sirisha Homes,Girls,West Bengal,Durgapur,Non-AC,Double,8400,2,1,Available,Yes,4.4,No,0.9,"Gym Access, RO Water, Balcony, Lift, Laundry"
184,Sirisha Homes,Girls,West Bengal,Durgapur,Non-AC,Single,21900,1,1,Available,No,4.9,No,1.1,"Laundry, Wardrobe, Fire Safety, Study Table, TV"
184,Sirisha Homes,Girls,West Bengal,Durgapur,Non-AC,Triple,7200,3,2,Available,Yes,3.4,Yes,0.7,"Hot Water Geyser, Study Table, Lift, Parking, RO Water, WiFi, Gym Access, Laundry, Power Backup"
185,Jyothi Nilayam,Girls,Delhi (NCT),New Delhi,AC,Four Sharing,4800,4,0,Full,No,4.7,No,6.7,"Refrigerator, Food Included, Laundry, Housekeeping, CCTV Surveillance, Fire Safety, Wardrobe, Parking, WiFi, Security Guard"
185,Jyothi Nilayam,Girls,Delhi (NCT),New Delhi,AC,Double,8000,2,1,Available,Yes,3.8,No,1.7,"Hot Water Geyser, Housekeeping, CCTV Surveillance, Food Included, Laundry"
186,Hill Mansion,Girls,Delhi (NCT),New Delhi,AC,Four Sharing,6600,4,4,Available,Yes,3.8,No,0.5,"Wardrobe, Food Included, Balcony, Housekeeping, Security Guard, Laundry"
186,Hill Mansion,Girls,Delhi (NCT),New Delhi,AC,Double,8100,2,2,Available,Yes,3.8,Yes,1.9,"Power Backup, Balcony, RO Water, Attached Bathroom, Parking, WiFi, Housekeeping, Wardrobe, Hot Water Geyser"
186,Hill Mansion,Girls,Delhi (NCT),New Delhi,AC,Triple,4500,3,1,Available,No,3.2,Yes,3.4,"Security Guard, Fire Safety, Lift, Hot Water Geyser, Food Included"
186,Hill Mansion,Girls,Delhi (NCT),New Delhi,AC,Single,19400,1,1,Available,Yes,3.8,No,5.0,"RO Water, Security Guard, TV, Lift, Food Included, Housekeeping, Parking, Refrigerator, Balcony, Wardrobe"
187,Blue Nilayam,Girls,Delhi (NCT),Dwarka,AC,Four Sharing,7900,4,3,Available,No,3.6,No,5.3,"Fire Safety, Housekeeping, Food Included, WiFi, Hot Water Geyser, Gym Access, TV, Balcony, Refrigerator"
187,Blue Nilayam,Girls,Delhi (NCT),Dwarka,AC,Triple,5200,3,0,Full,Yes,4.8,Yes,0.9,"RO Water, WiFi, Balcony, Study Table, Power Backup, Refrigerator, Housekeeping"
188,Charitha Homes,Girls,Delhi (NCT),Dwarka,Non-AC,Four Sharing,3900,4,4,Available,No,3.7,Yes,5.0,"Balcony, Parking, Study Table, Lift, Housekeeping, Hot Water Geyser, Laundry, Attached Bathroom, RO Water"
188,Charitha Homes,Girls,Delhi (NCT),Dwarka,Non-AC,Triple,5800,3,2,Available,Yes,3.9,No,6.7,"Wardrobe, WiFi, RO Water, Fire Safety, Hot Water Geyser, Lift, Gym Access, Housekeeping"
189,Palm Mansion,Girls,Delhi (NCT),Rohini,Non-AC,Triple,10600,3,2,Available,Yes,3.4,Yes,0.9,"CCTV Surveillance, Laundry, Attached Bathroom, Fire Safety, Food Included, Washing Machine, Balcony"
189,Palm Mansion,Girls,Delhi (NCT),Rohini,Non-AC,Double,13800,2,1,Available,Yes,4.3,Yes,7.3,"Balcony, Hot Water Geyser, Power Backup, Fire Safety, WiFi, Washing Machine, TV, Food Included"
190,Birch Living,Girls,Delhi (NCT),Rohini,Non-AC,Double,8500,2,0,Full,Yes,3.1,No,0.5,"Attached Bathroom, Balcony, WiFi, Fire Safety, Refrigerator, Food Included, TV, Wardrobe"
190,Birch Living,Girls,Delhi (NCT),Rohini,Non-AC,Triple,7200,3,2,Available,No,3.2,Yes,1.5,"WiFi, Washing Machine, Study Table, Food Included, CCTV Surveillance, Power Backup"
190,Birch Living,Girls,Delhi (NCT),Rohini,Non-AC,Single,9200,1,0,Full,Yes,3.3,No,0.3,"Housekeeping, Study Table, Washing Machine, Laundry, Gym Access"
190,Birch Living,Girls,Delhi (NCT),Rohini,Non-AC,Four Sharing,4200,4,2,Available,No,4.5,No,6.3,"Laundry, Parking, Gym Access, Fire Safety, Hot Water Geyser, TV, Washing Machine, Refrigerator, Attached Bathroom"
191,Deepika Nivas,Girls,Jammu and Kashmir,Srinagar,AC,Triple,4300,3,2,Available,Yes,4.5,No,0.9,"Attached Bathroom, Study Table, Hot Water Geyser, Wardrobe, Refrigerator, Laundry, Power Backup"
191,Deepika Nivas,Girls,Jammu and Kashmir,Srinagar,AC,Four Sharing,5600,4,0,Full,Yes,4.3,No,5.8,"WiFi, Gym Access, Attached Bathroom, Security Guard, Laundry, Refrigerator, Balcony"
192,Tejaswi Lodge,Girls,Jammu and Kashmir,Srinagar,Non-AC,Double,11400,2,2,Available,Yes,4.5,No,2.3,"Power Backup, Attached Bathroom, Gym Access, Balcony, TV"
192,Tejaswi Lodge,Girls,Jammu and Kashmir,Srinagar,Non-AC,Four Sharing,7300,4,4,Available,No,3.1,No,7.1,"Refrigerator, Power Backup, Wardrobe, WiFi, Laundry, Balcony, RO Water"
193,Lakshmi House,Girls,Jammu and Kashmir,Jammu,Non-AC,Double,13600,2,2,Available,Yes,4.9,No,6.8,"Refrigerator, Laundry, Attached Bathroom, Parking, WiFi, Lift, Hot Water Geyser"
193,Lakshmi House,Girls,Jammu and Kashmir,Jammu,Non-AC,Triple,6600,3,3,Available,Yes,3.7,Yes,0.8,"Lift, CCTV Surveillance, Food Included, TV, RO Water, Gym Access, Laundry"
193,Lakshmi House,Girls,Jammu and Kashmir,Jammu,Non-AC,Four Sharing,5300,4,4,Available,No,3.7,No,5.4,"Study Table, WiFi, Power Backup, Laundry, Security Guard, Fire Safety, CCTV Surveillance, Housekeeping, Food Included"
194,Sruthi House,Girls,Jammu and Kashmir,Jammu,Non-AC,Triple,10600,3,0,Full,Yes,4.4,No,2.0,"Lift, Security Guard, Parking, CCTV Surveillance, Laundry, Power Backup, Hot Water Geyser"
194,Sruthi House,Girls,Jammu and Kashmir,Jammu,Non-AC,Four Sharing,3800,4,0,Full,Yes,3.2,Yes,2.3,"CCTV Surveillance, Study Table, Washing Machine, Food Included, Wardrobe, Refrigerator, TV, Fire Safety, Gym Access, Security Guard"
194,Sruthi House,Girls,Jammu and Kashmir,Jammu,Non-AC,Single,18700,1,1,Available,No,4.9,Yes,1.6,"Security Guard, Attached Bathroom, Power Backup, TV, Study Table, Wardrobe, Gym Access, Lift, Parking, Washing Machine"
194,Sruthi House,Girls,Jammu and Kashmir,Jammu,Non-AC,Double,6500,2,0,Full,No,4.8,No,2.7,"Balcony, Security Guard, Lift, TV, Attached Bathroom, CCTV Surveillance"
195,Blue PG,Girls,Puducherry,Puducherry,Non-AC,Triple,8500,3,2,Available,No,3.6,Yes,6.8,"Attached Bathroom, WiFi, Refrigerator, Gym Access, CCTV Surveillance, RO Water"
195,Blue PG,Girls,Puducherry,Puducherry,Non-AC,Single,10000,1,1,Available,Yes,3.3,Yes,7.0,"Food Included, Gym Access, Hot Water Geyser, TV, Power Backup, RO Water, Housekeeping, Fire Safety, Balcony"
196,Lakshmi Nivas,Girls,Puducherry,Puducherry,AC,Triple,8100,3,1,Available,No,4.0,Yes,3.2,"Fire Safety, Parking, Food Included, Washing Machine, Housekeeping, TV, Lift, Hot Water Geyser, Study Table, Refrigerator"
196,Lakshmi Nivas,Girls,Puducherry,Puducherry,AC,Four Sharing,7500,4,2,Available,No,3.4,Yes,3.8,"Attached Bathroom, CCTV Surveillance, Housekeeping, Fire Safety, Food Included, Hot Water Geyser, Refrigerator, Study Table"
197,Hasini PG,Girls,Chandigarh,Chandigarh,Non-AC,Four Sharing,5700,4,2,Available,No,3.4,No,3.8,"TV, Study Table, Balcony, Attached Bathroom, Washing Machine, Laundry"
197,Hasini PG,Girls,Chandigarh,Chandigarh,Non-AC,Single,20600,1,1,Available,No,4.0,Yes,6.5,"CCTV Surveillance, Gym Access, RO Water, Lift, Study Table, Parking, Hot Water Geyser"
197,Hasini PG,Girls,Chandigarh,Chandigarh,Non-AC,Double,12200,2,1,Available,No,3.4,No,1.3,"Housekeeping, Washing Machine, Security Guard, Parking, Gym Access"
197,Hasini PG,Girls,Chandigarh,Chandigarh,Non-AC,Triple,8200,3,1,Available,No,3.5,No,5.5,"Refrigerator, WiFi, Housekeeping, TV, Fire Safety, Power Backup, Study Table"
198,Sowjanya Residency,Girls,Chandigarh,Chandigarh,AC,Double,9200,2,2,Available,Yes,3.4,Yes,0.8,"Laundry, Housekeeping, Security Guard, Parking, Food Included, Lift, Wardrobe, Gym Access, CCTV Surveillance"
198,Sowjanya Residency,Girls,Chandigarh,Chandigarh,AC,Triple,5400,3,0,Full,Yes,4.3,Yes,3.2,"Power Backup, WiFi, Balcony, TV, Washing Machine, Study Table, Security Guard"
198,Sowjanya Residency,Girls,Chandigarh,Chandigarh,AC,Single,8600,1,0,Full,Yes,4.0,Yes,3.1,"Housekeeping, Power Backup, CCTV Surveillance, Balcony, Food Included, TV, Hot Water Geyser, Study Table, Attached Bathroom, Laundry"
