hostel_id,hostel_name,gender_type,state,city,ac_type,sharing_type,price_per_month_inr,total_beds,vacant_beds,vacancy_status,food_included,rating,verified,distance_from_city_center_km,amenities
5001,Comfort House,Boys,Andhra Pradesh,Visakhapatnam,AC,Triple,4200,3,1,Available,No,4.8,Yes,5.3,"Attached Bathroom, Lift, Gym Access, Food Included, Housekeeping, Refrigerator, Hot Water Geyser, Balcony, Power Backup, Parking"
5001,Comfort House,Boys,Andhra Pradesh,Visakhapatnam,AC,Four Sharing,6400,4,0,Full,Yes,4.7,Yes,7.1,"Hot Water Geyser, Attached Bathroom, CCTV Surveillance, Laundry, Housekeeping, Study Table, Food Included, Wardrobe"
5001,Comfort House,Boys,Andhra Pradesh,Visakhapatnam,AC,Double,11800,2,1,Available,Yes,4.8,No,5.3,"Power Backup, WiFi, Parking, Wardrobe, TV, Washing Machine, Laundry"
5002,Garden Nilayam,Boys,Andhra Pradesh,Visakhapatnam,Non-AC,Double,6900,2,1,Available,No,4.9,No,5.2,"TV, Food Included, WiFi, Washing Machine, Laundry"
5002,Garden Nilayam,Boys,Andhra Pradesh,Visakhapatnam,Non-AC,Single,12600,1,1,Available,Yes,4.7,Yes,7.2,"Power Backup, Balcony, Washing Machine, Attached Bathroom, Housekeeping, Wardrobe, Laundry, RO Water, Fire Safety"
5003,Diamond Palace,Boys,Andhra Pradesh,Vijayawada,Non-AC,Double,6700,2,1,Available,Yes,3.0,Yes,7.5,"Power Backup, TV, Attached Bathroom, Washing Machine, Hot Water Geyser, WiFi"
5003,Diamond Palace,Boys,Andhra Pradesh,Vijayawada,Non-AC,Four Sharing,7400,4,0,Full,Yes,4.4,No,0.5,"Gym Access, Study Table, Food Included, Parking, Laundry, Balcony, TV, Refrigerator, Wardrobe"
5003,Diamond Palace,Boys,Andhra Pradesh,Vijayawada,Non-AC,Triple,4400,3,3,Available,Yes,3.5,No,7.5,"WiFi, Lift, Refrigerator, RO Water, TV, Balcony, Security Guard"
5003,Diamond Palace,Boys,Andhra Pradesh,Vijayawada,Non-AC,Single,14200,1,0,Full,No,3.2,No,1.2,"Wardrobe, Attached Bathroom, Refrigerator, Fire Safety, WiFi"
5004,Bhargav Stay,Boys,Andhra Pradesh,Vijayawada,Non-AC,Double,10500,2,1,Available,Yes,3.0,Yes,1.0,"Fire Safety, Laundry, Lift, WiFi, Food Included, Power Backup, Wardrobe"
5004,Bhargav Stay,Boys,Andhra Pradesh,Vijayawada,Non-AC,Single,18600,1,1,Available,No,3.3,Yes,0.3,"Fire Safety, Attached Bathroom, RO Water, Parking, Study Table, Power Backup, CCTV Surveillance, Laundry"
5005,Birch Villa,Boys,Andhra Pradesh,Guntur,Non-AC,Single,20800,1,0,Full,No,3.7,No,4.6,"Lift, Gym Access, Hot Water Geyser, WiFi, TV, Power Backup, RO Water, Attached Bathroom, Housekeeping, Washing Machine"
5005,Birch Villa,Boys,Andhra Pradesh,Guntur,Non-AC,Four Sharing,5900,4,2,Available,No,4.5,Yes,7.9,"Study Table, RO Water, Attached Bathroom, CCTV Surveillance, Fire Safety, Power Backup, Wardrobe, Security Guard, Hot Water Geyser"
5005,Birch Villa,Boys,Andhra Pradesh,Guntur,Non-AC,Triple,6900,3,3,Available,No,4.4,Yes,1.2,"Food Included, Laundry, Parking, Wardrobe, CCTV Surveillance, RO Water, Housekeeping, Balcony"
5005,Birch Villa,Boys,Andhra Pradesh,Guntur,Non-AC,Double,6400,2,2,Available,No,3.5,Yes,2.0,"WiFi, Balcony, Power Backup, Gym Access, RO Water, Parking, Fire Safety"
5006,Kalyan Mansion,Boys,Andhra Pradesh,Guntur,AC,Double,13500,2,1,Available,No,5.0,Yes,3.5,"Gym Access, Power Backup, Lift, Wardrobe, Fire Safety"
5006,Kalyan Mansion,Boys,Andhra Pradesh,Guntur,AC,Single,9100,1,0,Full,No,4.0,Yes,5.0,"RO Water, Housekeeping, Refrigerator, Gym Access, Study Table"
5006,Kalyan Mansion,Boys,Andhra Pradesh,Guntur,AC,Four Sharing,4600,4,1,Available,No,4.6,No,2.8,"WiFi, Hot Water Geyser, Laundry, TV, Washing Machine, Food Included, Power Backup"
5007,Manikanta Hostel,Boys,Andhra Pradesh,Tirupati,Non-AC,Double,12700,2,0,Full,No,4.5,Yes,0.9,"Laundry, Gym Access, WiFi, CCTV Surveillance, Lift, Power Backup"
5007,Manikanta Hostel,Boys,Andhra Pradesh,Tirupati,Non-AC,Single,19400,1,1,Available,Yes,3.6,No,4.8,"Housekeeping, Attached Bathroom, Food Included, Washing Machine, WiFi, Gym Access, Hot Water Geyser, Balcony, Laundry"
5007,Manikanta Hostel,Boys,Andhra Pradesh,Tirupati,Non-AC,Triple,9200,3,1,Available,No,3.0,Yes,5.4,"Security Guard, Gym Access, Washing Machine, Study Table, Power Backup, CCTV Surveillance"
5008,Golden Hostel,Boys,Andhra Pradesh,Tirupati,Non-AC,Double,9100,2,0,Full,Yes,4.1,No,3.7,"WiFi, Balcony, Power Backup, Refrigerator, Lift"
5008,Golden Hostel,Boys,Andhra Pradesh,Tirupati,Non-AC,Triple,6300,3,2,Available,No,4.2,No,2.2,"RO Water, Hot Water Geyser, Study Table, Washing Machine, Food Included, Lift, Housekeeping, CCTV Surveillance, Balcony, Attached Bathroom"
5008,Golden Hostel,Boys,Andhra Pradesh,Tirupati,Non-AC,Single,11500,1,0,Full,Yes,3.3,No,6.3,"Lift, Laundry, Washing Machine, CCTV Surveillance, Gym Access, Fire Safety, Security Guard"
5008,Golden Hostel,Boys,Andhra Pradesh,Tirupati,Non-AC,Four Sharing,6700,4,2,Available,No,4.3,Yes,4.3,"Power Backup, Food Included, Balcony, Laundry, Wardrobe, Lift, RO Water"
5009,Rohit Nilayam,Boys,Arunachal Pradesh,Itanagar,Non-AC,Triple,5500,3,1,Available,No,3.0,Yes,4.0,"Laundry, Wardrobe, Balcony, Attached Bathroom, Washing Machine, Refrigerator, Power Backup, Security Guard, Gym Access"
5009,Rohit Nilayam,Boys,Arunachal Pradesh,Itanagar,Non-AC,Four Sharing,4300,4,3,Available,Yes,3.3,Yes,2.7,"Wardrobe, Food Included, Attached Bathroom, Hot Water Geyser, Security Guard, Parking, Refrigerator, Study Table"
5010,Bharadwaj Comforts,Boys,Arunachal Pradesh,Itanagar,AC,Single,14200,1,1,Available,No,3.8,No,1.4,"Attached Bathroom, Power Backup, CCTV Surveillance, RO Water, WiFi, Balcony"
5010,Bharadwaj Comforts,Boys,Arunachal Pradesh,Itanagar,AC,Double,11800,2,2,Available,Yes,3.6,Yes,4.8,"Washing Machine, WiFi, Laundry, Hot Water Geyser, Fire Safety, Gym Access, Balcony, RO Water"
5010,Bharadwaj Comforts,Boys,Arunachal Pradesh,Itanagar,AC,Four Sharing,5000,4,3,Available,Yes,3.5,No,5.6,"CCTV Surveillance, Refrigerator, Laundry, RO Water, Gym Access, Security Guard, Wardrobe, Fire Safety, Housekeeping"
5010,Bharadwaj Comforts,Boys,Arunachal Pradesh,Itanagar,AC,Triple,7000,3,0,Full,Yes,4.0,Yes,4.1,"Lift, Security Guard, Fire Safety, Gym Access, Study Table, Food Included"
5011,Kiran Comforts,Boys,Arunachal Pradesh,Naharlagun,AC,Four Sharing,7000,4,2,Available,Yes,4.2,No,4.8,"Wardrobe, CCTV Surveillance, Study Table, Hot Water Geyser, Fire Safety, Laundry"
5011,Kiran Comforts,Boys,Arunachal Pradesh,Naharlagun,AC,Triple,8300,3,3,Available,No,4.2,Yes,5.5,"Power Backup, RO Water, TV, Gym Access, CCTV Surveillance"
5011,Kiran Comforts,Boys,Arunachal Pradesh,Naharlagun,AC,Double,7800,2,1,Available,Yes,3.7,Yes,3.5,"CCTV Surveillance, Gym Access, Fire Safety, WiFi, TV, Laundry, Lift, RO Water, Study Table, Attached Bathroom"
5012,Golden Living,Boys,Arunachal Pradesh,Naharlagun,AC,Triple,6500,3,0,Full,No,3.7,No,1.9,"Study Table, Hot Water Geyser, Housekeeping, RO Water, Lift, Security Guard, CCTV Surveillance, Wardrobe"
5012,Golden Living,Boys,Arunachal Pradesh,Naharlagun,AC,Double,7900,2,1,Available,Yes,4.7,No,2.3,"Study Table, Fire Safety, CCTV Surveillance, Wardrobe, Parking, WiFi, Gym Access, Refrigerator, Balcony, RO Water"
5012,Golden Living,Boys,Arunachal Pradesh,Naharlagun,AC,Four Sharing,3200,4,1,Available,Yes,3.6,No,0.3,"WiFi, Washing Machine, Gym Access, Laundry, CCTV Surveillance, RO Water, TV"
5012,Golden Living,Boys,Arunachal Pradesh,Naharlagun,AC,Single,20400,1,1,Available,Yes,4.6,No,2.6,"Gym Access, Fire Safety, Washing Machine, Housekeeping, Wardrobe, Balcony, Lift, Attached Bathroom, WiFi"
5013,Green Manor,Boys,Arunachal Pradesh,Pasighat,Non-AC,Single,16400,1,0,Full,Yes,5.0,No,5.8,"RO Water, Power Backup, Housekeeping, CCTV Surveillance, Balcony, TV, Hot Water Geyser, Fire Safety"
5013,Green Manor,Boys,Arunachal Pradesh,Pasighat,Non-AC,Triple,8400,3,2,Available,No,4.6,No,7.8,"Hot Water Geyser, Parking, Fire Safety, Food Included, Wardrobe, TV, Lift, Gym Access, RO Water, Washing Machine"
5013,Green Manor,Boys,Arunachal Pradesh,Pasighat,Non-AC,Double,10800,2,1,Available,Yes,3.7,No,4.8,"Power Backup, Refrigerator, Hot Water Geyser, WiFi, TV, Lift, Attached Bathroom, Security Guard, Food Included, Washing Machine"
5014,Hemanth Mansion,Boys,Arunachal Pradesh,Pasighat,Non-AC,Four Sharing,6100,4,3,Available,No,3.7,No,1.4,"Food Included, Parking, Laundry, Attached Bathroom, TV, Wardrobe"
5014,Hemanth Mansion,Boys,Arunachal Pradesh,Pasighat,Non-AC,Triple,5300,3,3,Available,No,4.6,No,1.2,"Attached Bathroom, Lift, Parking, WiFi, Study Table, Gym Access, TV, CCTV Surveillance, Laundry"
5014,Hemanth Mansion,Boys,Arunachal Pradesh,Pasighat,Non-AC,Single,8700,1,0,Full,No,4.4,No,7.6,"Wardrobe, Housekeeping, Food Included, Laundry, RO Water, Washing Machine"
5015,Cedar PG,Boys,Assam,Guwahati,Non-AC,Four Sharing,6500,4,4,Available,Yes,3.0,Yes,3.4,"CCTV Surveillance, Gym Access, Housekeeping, TV, Balcony, Fire Safety, Food Included, WiFi, RO Water"
5015,Cedar PG,Boys,Assam,Guwahati,Non-AC,Double,10400,2,1,Available,No,4.1,Yes,3.7,"Study Table, Laundry, Washing Machine, Fire Safety, CCTV Surveillance"
5015,Cedar PG,Boys,Assam,Guwahati,Non-AC,Single,12700,1,0,Full,No,4.2,Yes,1.2,"Washing Machine, Fire Safety, Laundry, Refrigerator, CCTV Surveillance"
5016,Naveen Manor,Boys,Assam,Guwahati,AC,Single,8500,1,1,Available,No,4.0,No,7.9,"Wardrobe, Security Guard, Balcony, Study Table, Attached Bathroom, Parking, Housekeeping"
5016,Naveen Manor,Boys,Assam,Guwahati,AC,Double,12000,2,0,Full,Yes,3.7,Yes,5.3,"TV, Power Backup, Hot Water Geyser, Security Guard, Gym Access, Washing Machine"
5017,Sathwik Mansion,Boys,Assam,Silchar,AC,Triple,7900,3,1,Available,No,4.3,No,0.9,"Attached Bathroom, Housekeeping, TV, Fire Safety, Gym Access, Balcony, WiFi, Power Backup"
5017,Sathwik Mansion,Boys,Assam,Silchar,AC,Double,13900,2,1,Available,No,4.5,No,4.1,"Fire Safety, Food Included, Hot Water Geyser, Gym Access, Study Table, Lift, Security Guard"
5017,Sathwik Mansion,Boys,Assam,Silchar,AC,Four Sharing,7700,4,0,Full,Yes,4.2,No,6.1,"RO Water, Power Backup, Washing Machine, Housekeeping, Laundry, Hot Water Geyser, Fire Safety, Study Table"
5018,Yashwanth Cottage,Boys,Assam,Silchar,Non-AC,Single,21300,1,0,Full,Yes,4.7,Yes,6.0,"Security Guard, Food Included, Laundry, Washing Machine, Parking, Attached Bathroom, Lift, Housekeeping, Power Backup"
5018,Yashwanth Cottage,Boys,Assam,Silchar,Non-AC,Four Sharing,3400,4,0,Full,Yes,4.7,No,3.8,"Attached Bathroom, WiFi, Fire Safety, Refrigerator, Study Table, Food Included, RO Water, Security Guard"
5018,Yashwanth Cottage,Boys,Assam,Silchar,Non-AC,Triple,4200,3,1,Available,No,4.9,No,6.5,"Attached Bathroom, Washing Machine, Laundry, Balcony, CCTV Surveillance"
5018,Yashwanth Cottage,Boys,Assam,Silchar,Non-AC,Double,13400,2,0,Full,Yes,4.8,No,0.5,"CCTV Surveillance, Wardrobe, Food Included, Refrigerator, Power Backup, WiFi, Fire Safety, Gym Access"
5019,Naveen Living,Boys,Assam,Dibrugarh,AC,Double,13900,2,0,Full,No,3.6,Yes,3.5,"Refrigerator, Food Included, TV, Laundry, CCTV Surveillance, Balcony, WiFi, Gym Access, Parking"
5019,Naveen Living,Boys,Assam,Dibrugarh,AC,Triple,10500,3,3,Available,Yes,5.0,No,7.6,"Balcony, Power Backup, Lift, WiFi, Wardrobe, Gym Access, Laundry, Security Guard"
5019,Naveen Living,Boys,Assam,Dibrugarh,AC,Single,21100,1,0,Full,No,3.1,Yes,2.7,"RO Water, Housekeeping, Fire Safety, WiFi, Parking, Lift, Security Guard, TV"
5019,Naveen Living,Boys,Assam,Dibrugarh,AC,Four Sharing,7700,4,2,Available,No,3.1,No,5.6,"CCTV Surveillance, Refrigerator, Fire Safety, Attached Bathroom, Power Backup, Parking, Laundry, Washing Machine, Food Included, Balcony"
5020,Metro Villa,Boys,Assam,Dibrugarh,Non-AC,Four Sharing,7800,4,2,Available,Yes,4.5,Yes,7.4,"RO Water, Power Backup, CCTV Surveillance, Study Table, Parking"
5020,Metro Villa,Boys,Assam,Dibrugarh,Non-AC,Single,14300,1,0,Full,No,4.7,Yes,3.7,"Power Backup, Laundry, Food Included, Fire Safety, Study Table, Attached Bathroom, Wardrobe, RO Water, Hot Water Geyser"
5020,Metro Villa,Boys,Assam,Dibrugarh,Non-AC,Double,7300,2,0,Full,Yes,4.8,No,3.9,"RO Water, Laundry, Attached Bathroom, Study Table, Fire Safety, Balcony, Security Guard, Parking, Food Included"
5020,Metro Villa,Boys,Assam,Dibrugarh,Non-AC,Triple,5500,3,3,Available,Yes,4.1,Yes,2.8,"Housekeeping, RO Water, Power Backup, CCTV Surveillance, Fire Safety"
5021,Sandeep Manor,Boys,Assam,Jorhat,Non-AC,Four Sharing,8200,4,1,Available,No,3.8,Yes,4.8,"Attached Bathroom, RO Water, WiFi, Power Backup, Lift, Study Table, CCTV Surveillance, Housekeeping, Hot Water Geyser"
5021,Sandeep Manor,Boys,Assam,Jorhat,Non-AC,Double,13500,2,0,Full,No,3.2,No,6.1,"Washing Machine, CCTV Surveillance, Laundry, Refrigerator, Fire Safety, Parking"
5022,Sandeep House,Boys,Assam,Jorhat,Non-AC,Single,10100,1,1,Available,Yes,4.2,No,3.4,"Attached Bathroom, TV, Power Backup, WiFi, Washing Machine, Food Included, Parking, Housekeeping, Study Table"
5022,Sandeep House,Boys,Assam,Jorhat,Non-AC,Triple,6900,3,2,Available,Yes,3.4,No,6.4,"Parking, CCTV Surveillance, Study Table, WiFi, Balcony, Gym Access, TV"
5022,Sandeep House,Boys,Assam,Jorhat,Non-AC,Four Sharing,6900,4,0,Full,Yes,4.7,No,2.7,"Lift, RO Water, CCTV Surveillance, Parking, Food Included, Power Backup, Study Table, Security Guard, Laundry"
5022,Sandeep House,Boys,Assam,Jorhat,Non-AC,Double,9800,2,2,Available,No,4.3,Yes,7.8,"Study Table, Refrigerator, Lift, Washing Machine, Security Guard, Wardrobe, Housekeeping, Laundry, Balcony, Power Backup"
5023,Rohit Homes,Boys,Bihar,Patna,AC,Single,21700,1,1,Available,No,4.3,Yes,3.9,"Parking, Balcony, Study Table, CCTV Surveillance, Power Backup"
5023,Rohit Homes,Boys,Bihar,Patna,AC,Triple,9000,3,1,Available,No,3.7,No,7.0,"Security Guard, Housekeeping, Wardrobe, Study Table, Gym Access"
5024,Hill Living,Boys,Bihar,Patna,AC,Single,19000,1,1,Available,No,4.9,No,3.7,"Security Guard, Laundry, WiFi, Washing Machine, TV, Power Backup, Fire Safety, Food Included, Housekeeping, Wardrobe"
5024,Hill Living,Boys,Bihar,Patna,AC,Triple,6000,3,0,Full,Yes,3.9,Yes,1.4,"TV, Housekeeping, Refrigerator, Lift, Wardrobe, Laundry, Security Guard, Fire Safety, Study Table"
5024,Hill Living,Boys,Bihar,Patna,AC,Four Sharing,4600,4,2,Available,No,3.9,Yes,6.1,"Attached Bathroom, Parking, Food Included, Security Guard, Study Table, Lift, TV"
5024,Hill Living,Boys,Bihar,Patna,AC,Double,6200,2,0,Full,No,3.9,Yes,3.0,"CCTV Surveillance, Laundry, Refrigerator, Hot Water Geyser, Power Backup, Wardrobe"
5025,Trinath House,Boys,Bihar,Gaya,AC,Double,10600,2,0,Full,Yes,4.8,No,3.2,"Security Guard, Fire Safety, Hot Water Geyser, TV, Parking, Housekeeping, Gym Access"
5025,Trinath House,Boys,Bihar,Gaya,AC,Triple,9700,3,3,Available,No,3.2,No,3.9,"TV, Gym Access, Parking, RO Water, Refrigerator"
5025,Trinath House,Boys,Bihar,Gaya,AC,Four Sharing,7500,4,3,Available,No,4.8,No,5.5,"Parking, Refrigerator, Lift, Gym Access, Balcony, Hot Water Geyser, RO Water"
5025,Trinath House,Boys,Bihar,Gaya,AC,Single,8500,1,0,Full,Yes,4.5,No,2.6,"Attached Bathroom, Balcony, WiFi, TV, Wardrobe, Fire Safety, Refrigerator, Hot Water Geyser, Security Guard"
5026,Vamsi Manor,Boys,Bihar,Gaya,Non-AC,Four Sharing,8300,4,0,Full,Yes,4.9,Yes,7.5,"TV, WiFi, Study Table, Gym Access, Balcony"
5026,Vamsi Manor,Boys,Bihar,Gaya,Non-AC,Single,9600,1,0,Full,Yes,4.2,No,4.4,"Lift, Wardrobe, Power Backup, Gym Access, Refrigerator"
5026,Vamsi Manor,Boys,Bihar,Gaya,Non-AC,Double,6600,2,0,Full,No,3.4,No,3.6,"Power Backup, Food Included, CCTV Surveillance, Fire Safety, Housekeeping, Gym Access, Washing Machine, Parking"
5027,Sandeep Palace,Boys,Bihar,Bhagalpur,AC,Four Sharing,5100,4,4,Available,No,3.7,No,4.1,"Study Table, Parking, RO Water, Lift, Refrigerator, Attached Bathroom, Wardrobe, Security Guard, Gym Access"
5027,Sandeep Palace,Boys,Bihar,Bhagalpur,AC,Double,8200,2,2,Available,No,3.7,Yes,7.5,"Hot Water Geyser, Fire Safety, Wardrobe, CCTV Surveillance, Attached Bathroom, Food Included, RO Water, Washing Machine, Balcony, Study Table"
5027,Sandeep Palace,Boys,Bihar,Bhagalpur,AC,Triple,9500,3,0,Full,No,3.9,Yes,4.3,"Study Table, Attached Bathroom, Power Backup, Food Included, Wardrobe, Parking, WiFi"
5027,Sandeep Palace,Boys,Bihar,Bhagalpur,AC,Single,14600,1,1,Available,No,3.1,Yes,6.7,"Lift, RO Water, CCTV Surveillance, WiFi, Gym Access, Housekeeping, Balcony, Fire Safety, TV"
5028,Teja Manor,Boys,Bihar,Bhagalpur,AC,Double,12700,2,1,Available,No,4.3,No,0.4,"WiFi, Gym Access, Food Included, Security Guard, Washing Machine"
5028,Teja Manor,Boys,Bihar,Bhagalpur,AC,Single,19500,1,1,Available,Yes,4.1,Yes,6.0,"Hot Water Geyser, RO Water, Laundry, TV, Power Backup, Housekeeping, CCTV Surveillance"
5029,Sai Krishna Lodge,Boys,Bihar,Muzaffarpur,AC,Four Sharing,6900,4,4,Available,No,3.2,Yes,4.4,"Washing Machine, Gym Access, Security Guard, Parking, Laundry, RO Water, Hot Water Geyser"
5029,Sai Krishna Lodge,Boys,Bihar,Muzaffarpur,AC,Single,18700,1,0,Full,Yes,3.4,No,6.2,"Attached Bathroom, Lift, Balcony, RO Water, Washing Machine, Laundry"
5029,Sai Krishna Lodge,Boys,Bihar,Muzaffarpur,AC,Triple,4300,3,1,Available,Yes,4.8,Yes,4.3,"Power Backup, Attached Bathroom, Food Included, Washing Machine, Parking, RO Water, Study Table, Refrigerator, Housekeeping, Laundry"
5029,Sai Krishna Lodge,Boys,Bihar,Muzaffarpur,AC,Double,7000,2,2,Available,Yes,3.8,No,1.1,"CCTV Surveillance, Study Table, Washing Machine, Hot Water Geyser, Fire Safety"
5030,Yaswanth Cottage,Boys,Bihar,Muzaffarpur,AC,Single,10200,1,0,Full,Yes,3.2,Yes,1.3,"Balcony, RO Water, Food Included, Wardrobe, Hot Water Geyser, CCTV Surveillance, TV"
5030,Yaswanth Cottage,Boys,Bihar,Muzaffarpur,AC,Four Sharing,3700,4,3,Available,Yes,3.9,No,0.6,"TV, Balcony, RO Water, Attached Bathroom, CCTV Surveillance, Washing Machine, Hot Water Geyser, Laundry, Security Guard, Housekeeping"
5030,Yaswanth Cottage,Boys,Bihar,Muzaffarpur,AC,Triple,10600,3,2,Available,No,3.9,Yes,1.8,"Hot Water Geyser, TV, Refrigerator, Attached Bathroom, RO Water, Parking, Fire Safety, Power Backup"
5031,Gopichand Living,Boys,Chhattisgarh,Raipur,AC,Four Sharing,7600,4,4,Available,Yes,4.4,No,4.4,"Laundry, Wardrobe, RO Water, Study Table, Washing Machine, Lift"
5031,Gopichand Living,Boys,Chhattisgarh,Raipur,AC,Triple,5700,3,3,Available,Yes,4.2,No,2.0,"RO Water, Attached Bathroom, Lift, CCTV Surveillance, TV, Hot Water Geyser, Food Included, Security Guard, Refrigerator"
5032,Bharadwaj Nilayam,Boys,Chhattisgarh,Raipur,Non-AC,Triple,10100,3,3,Available,Yes,3.3,No,3.7,"WiFi, Lift, Security Guard, Attached Bathroom, Gym Access, Power Backup, Study Table, Fire Safety, Food Included, Refrigerator"
5032,Bharadwaj Nilayam,Boys,Chhattisgarh,Raipur,Non-AC,Four Sharing,4200,4,4,Available,Yes,4.5,No,4.2,"Housekeeping, RO Water, Security Guard, Washing Machine, Balcony, Parking, Wardrobe"
5032,Bharadwaj Nilayam,Boys,Chhattisgarh,Raipur,Non-AC,Double,9000,2,1,Available,Yes,4.5,No,6.0,"Security Guard, Hot Water Geyser, RO Water, Lift, Power Backup, Study Table, TV, Washing Machine"
5033,Skyline Stay,Boys,Chhattisgarh,Bhilai,AC,Triple,6100,3,1,Available,No,3.6,Yes,6.0,"RO Water, Laundry, Parking, Hot Water Geyser, Study Table, Housekeeping"
5033,Skyline Stay,Boys,Chhattisgarh,Bhilai,AC,Double,6900,2,1,Available,No,4.4,Yes,1.3,"Hot Water Geyser, TV, Fire Safety, Balcony, CCTV Surveillance, WiFi, Refrigerator, RO Water, Laundry"
5033,Skyline Stay,Boys,Chhattisgarh,Bhilai,AC,Single,16200,1,1,Available,Yes,3.5,Yes,5.0,"Power Backup, Balcony, Housekeeping, Washing Machine, RO Water, Food Included, Fire Safety, Refrigerator"
5033,Skyline Stay,Boys,Chhattisgarh,Bhilai,AC,Four Sharing,6000,4,3,Available,Yes,4.1,Yes,4.0,"TV, Hot Water Geyser, WiFi, Balcony, RO Water, Fire Safety"
5034,Jagadeesh Lodge,Boys,Chhattisgarh,Bhilai,AC,Double,7100,2,1,Available,No,4.5,No,3.1,"Hot Water Geyser, CCTV Surveillance, Laundry, RO Water, Refrigerator, Attached Bathroom, Housekeeping, Power Backup, Wardrobe"
5034,Jagadeesh Lodge,Boys,Chhattisgarh,Bhilai,AC,Single,8800,1,0,Full,Yes,3.8,No,2.0,"Hot Water Geyser, Balcony, Lift, RO Water, Food Included"
5034,Jagadeesh Lodge,Boys,Chhattisgarh,Bhilai,AC,Triple,5300,3,1,Available,Yes,4.3,Yes,6.1,"Lift, Food Included, Housekeeping, CCTV Surveillance, Washing Machine, Study Table, Hot Water Geyser, Parking"
5035,Venkatesh Palace,Boys,Chhattisgarh,Bilaspur,Non-AC,Double,12500,2,2,Available,Yes,3.1,Yes,2.9,"Parking, Balcony, Lift, CCTV Surveillance, WiFi, Laundry"
5035,Venkatesh Palace,Boys,Chhattisgarh,Bilaspur,Non-AC,Single,19700,1,1,Available,No,4.5,No,0.9,"Housekeeping, TV, Refrigerator, Food Included, CCTV Surveillance, RO Water, Fire Safety"
5035,Venkatesh Palace,Boys,Chhattisgarh,Bilaspur,Non-AC,Four Sharing,4600,4,2,Available,No,3.5,Yes,4.2,"Balcony, Power Backup, Housekeeping, RO Water, Refrigerator, Wardrobe, Washing Machine, CCTV Surveillance, Laundry, WiFi"
5036,Brook Living,Boys,Chhattisgarh,Bilaspur,Non-AC,Four Sharing,6900,4,1,Available,No,4.8,No,5.0,"Hot Water Geyser, Lift, Food Included, TV, Power Backup, Refrigerator, Study Table, WiFi, Balcony, Housekeeping"
5036,Brook Living,Boys,Chhattisgarh,Bilaspur,Non-AC,Double,12200,2,0,Full,No,4.2,No,7.1,"RO Water, Power Backup, Security Guard, Wardrobe, Refrigerator, Gym Access, CCTV Surveillance, Housekeeping, Laundry"
5037,Karthikeya Villa,Boys,Chhattisgarh,Durg,Non-AC,Triple,9200,3,3,Available,Yes,4.0,No,5.8,"Parking, Security Guard, Washing Machine, CCTV Surveillance, Balcony, Refrigerator"
5037,Karthikeya Villa,Boys,Chhattisgarh,Durg,Non-AC,Double,14300,2,0,Full,No,3.1,Yes,2.1,"Wardrobe, Parking, Housekeeping, Food Included, Study Table, Refrigerator, Fire Safety, Security Guard, Washing Machine, Balcony"
5037,Karthikeya Villa,Boys,Chhattisgarh,Durg,Non-AC,Single,17600,1,1,Available,No,3.6,No,2.4,"Refrigerator, Gym Access, TV, WiFi, Housekeeping, Hot Water Geyser, Study Table, RO Water"
5037,Karthikeya Villa,Boys,Chhattisgarh,Durg,Non-AC,Four Sharing,3300,4,2,Available,Yes,3.2,No,5.9,"WiFi, Power Backup, Food Included, Washing Machine, Refrigerator"
5038,Silver Stay,Boys,Chhattisgarh,Durg,Non-AC,Single,9400,1,0,Full,Yes,4.8,No,5.8,"Study Table, Hot Water Geyser, Power Backup, Refrigerator, CCTV Surveillance, Wardrobe, TV"
5038,Silver Stay,Boys,Chhattisgarh,Durg,Non-AC,Double,9000,2,1,Available,No,4.5,No,7.4,"Washing Machine, Lift, Refrigerator, Parking, Study Table, CCTV Surveillance, TV, Security Guard"
5038,Silver Stay,Boys,Chhattisgarh,Durg,Non-AC,Triple,6300,3,1,Available,Yes,4.1,No,2.7,"Power Backup, Lift, TV, WiFi, Refrigerator, Balcony, Hot Water Geyser, Gym Access, Parking"
5039,Teja Living,Boys,Goa,Panaji,AC,Triple,5000,3,2,Available,Yes,4.9,No,2.7,"Study Table, Balcony, WiFi, Security Guard, Attached Bathroom, Laundry"
5039,Teja Living,Boys,Goa,Panaji,AC,Single,17100,1,1,Available,Yes,3.4,No,5.0,"Gym Access, Housekeeping, Fire Safety, Lift, Parking, RO Water, WiFi, Hot Water Geyser, Balcony"
5040,Sathwik Villa,Boys,Goa,Panaji,Non-AC,Double,9200,2,1,Available,No,4.8,Yes,7.9,"Washing Machine, WiFi, Wardrobe, Power Backup, Housekeeping, TV, RO Water"
5040,Sathwik Villa,Boys,Goa,Panaji,Non-AC,Triple,6300,3,2,Available,No,4.9,No,2.8,"Washing Machine, Study Table, RO Water, Housekeeping, Wardrobe, Food Included, Security Guard, Attached Bathroom, Parking, Balcony"
5041,Harsha Residency,Boys,Goa,Margao,Non-AC,Triple,6400,3,2,Available,Yes,3.7,No,6.2,"Attached Bathroom, Balcony, Wardrobe, WiFi, Gym Access, RO Water, Washing Machine, Refrigerator"
5041,Harsha Residency,Boys,Goa,Margao,Non-AC,Double,13800,2,2,Available,No,3.2,Yes,1.2,"TV, Food Included, Security Guard, RO Water, Laundry"
5042,Karthikeya Stay,Boys,Goa,Margao,Non-AC,Triple,7700,3,2,Available,Yes,4.8,No,1.3,"Study Table, Hot Water Geyser, Fire Safety, Food Included, Lift, Attached Bathroom, Wardrobe, CCTV Surveillance"
5042,Karthikeya Stay,Boys,Goa,Margao,Non-AC,Four Sharing,6300,4,0,Full,No,3.6,No,5.5,"Gym Access, Washing Machine, Laundry, Hot Water Geyser, Housekeeping, Parking"
5042,Karthikeya Stay,Boys,Goa,Margao,Non-AC,Single,8000,1,1,Available,Yes,4.8,Yes,2.1,"Security Guard, RO Water, Wardrobe, Laundry, Parking, WiFi, Study Table"
5043,Rakesh Hostel,Boys,Goa,Vasco da Gama,Non-AC,Single,14700,1,1,Available,No,3.9,No,0.9,"Lift, Balcony, Attached Bathroom, Laundry, Gym Access, Washing Machine, Parking"
5043,Rakesh Hostel,Boys,Goa,Vasco da Gama,Non-AC,Double,13400,2,1,Available,Yes,5.0,No,3.0,"Hot Water Geyser, Balcony, TV, Security Guard, Parking, Washing Machine, Housekeeping, RO Water, Laundry, Wardrobe"
5043,Rakesh Hostel,Boys,Goa,Vasco da Gama,Non-AC,Triple,5200,3,2,Available,No,4.1,Yes,1.0,"Housekeeping, Hot Water Geyser, Food Included, Balcony, Parking, Security Guard, WiFi, Washing Machine, Refrigerator, Fire Safety"
5043,Rakesh Hostel,Boys,Goa,Vasco da Gama,Non-AC,Four Sharing,3300,4,4,Available,Yes,4.2,Yes,1.3,"Security Guard, Study Table, Lift, Refrigerator, Washing Machine, Laundry, Attached Bathroom, Gym Access, Fire Safety"
5044,Ivy Comforts,Boys,Goa,Vasco da Gama,AC,Double,5500,2,1,Available,Yes,4.8,No,1.5,"Housekeeping, Wardrobe, Balcony, Hot Water Geyser, Laundry"
5044,Ivy Comforts,Boys,Goa,Vasco da Gama,AC,Triple,7400,3,2,Available,No,4.8,No,0.4,"Attached Bathroom, Wardrobe, Refrigerator, Parking, Food Included, Power Backup"
5044,Ivy Comforts,Boys,Goa,Vasco da Gama,AC,Four Sharing,7800,4,4,Available,Yes,3.4,Yes,4.7,"Fire Safety, Housekeeping, Study Table, Laundry, Parking, RO Water, Gym Access, Washing Machine"
5045,Yashwanth Mansion,Boys,Gujarat,Ahmedabad,Non-AC,Single,9900,1,0,Full,Yes,4.9,No,6.9,"Washing Machine, Wardrobe, Study Table, RO Water, Gym Access, Refrigerator"
5045,Yashwanth Mansion,Boys,Gujarat,Ahmedabad,Non-AC,Triple,9600,3,3,Available,Yes,4.8,No,4.2,"Parking, Housekeeping, Refrigerator, Security Guard, Laundry, Food Included, Washing Machine, CCTV Surveillance, Balcony, Fire Safety"
5046,Mahesh Mansion,Boys,Gujarat,Ahmedabad,Non-AC,Triple,7000,3,1,Available,No,4.8,No,2.1,"RO Water, Security Guard, Laundry, Parking, Housekeeping, Power Backup"
5046,Mahesh Mansion,Boys,Gujarat,Ahmedabad,Non-AC,Single,15900,1,0,Full,Yes,3.5,No,5.9,"Attached Bathroom, Hot Water Geyser, Wardrobe, Lift, Refrigerator"
5047,Venkatesh Villa,Boys,Gujarat,Surat,Non-AC,Double,9200,2,0,Full,Yes,4.9,No,7.5,"Power Backup, Security Guard, Laundry, Washing Machine, Attached Bathroom, Fire Safety, Housekeeping, RO Water, CCTV Surveillance"
5047,Venkatesh Villa,Boys,Gujarat,Surat,Non-AC,Four Sharing,8400,4,2,Available,No,3.8,Yes,6.4,"Fire Safety, Power Backup, TV, Balcony, Lift, Study Table, Refrigerator, Hot Water Geyser, Wardrobe"
5047,Venkatesh Villa,Boys,Gujarat,Surat,Non-AC,Triple,9000,3,2,Available,Yes,3.6,Yes,7.7,"Attached Bathroom, Fire Safety, Wardrobe, Balcony, Hot Water Geyser, WiFi, Study Table, CCTV Surveillance, Housekeeping, Washing Machine"
5048,Venkatesh Comforts,Boys,Gujarat,Surat,AC,Double,5800,2,1,Available,Yes,4.5,No,4.8,"CCTV Surveillance, Security Guard, Balcony, Attached Bathroom, Lift, Parking"
5048,Venkatesh Comforts,Boys,Gujarat,Surat,AC,Single,11400,1,0,Full,Yes,3.7,No,1.4,"Lift, Housekeeping, Gym Access, Hot Water Geyser, RO Water, TV"
5048,Venkatesh Comforts,Boys,Gujarat,Surat,AC,Four Sharing,6400,4,3,Available,Yes,3.9,No,5.6,"Hot Water Geyser, Power Backup, Wardrobe, Lift, Refrigerator, Housekeeping, Attached Bathroom"
5049,Lokesh Comforts,Boys,Gujarat,Vadodara,Non-AC,Double,13000,2,1,Available,Yes,4.3,Yes,7.9,"Parking, Balcony, Attached Bathroom, Study Table, Refrigerator"
5049,Lokesh Comforts,Boys,Gujarat,Vadodara,Non-AC,Single,18900,1,0,Full,No,3.7,Yes,3.7,"Washing Machine, CCTV Surveillance, RO Water, Lift, Study Table, Housekeeping, Refrigerator, Fire Safety, Wardrobe"
5049,Lokesh Comforts,Boys,Gujarat,Vadodara,Non-AC,Triple,8600,3,2,Available,No,4.9,No,4.0,"Wardrobe, Security Guard, Lift, Power Backup, WiFi, Hot Water Geyser, Housekeeping, CCTV Surveillance"
5050,Vijay Mansion,Boys,Gujarat,Vadodara,Non-AC,Four Sharing,7800,4,4,Available,No,3.7,No,2.9,"Laundry, Washing Machine, Food Included, Refrigerator, Wardrobe, TV"
5050,Vijay Mansion,Boys,Gujarat,Vadodara,Non-AC,Single,15100,1,1,Available,Yes,3.3,No,7.9,"Refrigerator, Study Table, Power Backup, Washing Machine, Laundry, Food Included, Wardrobe, Attached Bathroom"
5050,Vijay Mansion,Boys,Gujarat,Vadodara,Non-AC,Triple,8700,3,1,Available,No,4.4,Yes,4.2,"TV, Attached Bathroom, Housekeeping, Lift, Hot Water Geyser"
5050,Vijay Mansion,Boys,Gujarat,Vadodara,Non-AC,Double,7700,2,2,Available,Yes,3.8,No,4.3,"Study Table, TV, Fire Safety, Refrigerator, Housekeeping, CCTV Surveillance"
5051,Pearl Cottage,Boys,Gujarat,Rajkot,AC,Single,14100,1,0,Full,Yes,4.7,No,2.9,"WiFi, CCTV Surveillance, Laundry, Power Backup, Gym Access, Hot Water Geyser, Washing Machine, Food Included, RO Water"
5051,Pearl Cottage,Boys,Gujarat,Rajkot,AC,Four Sharing,6700,4,3,Available,Yes,3.1,No,0.3,"Hot Water Geyser, Refrigerator, CCTV Surveillance, TV, Attached Bathroom, Fire Safety, Gym Access"
5052,Birch Manor,Boys,Gujarat,Rajkot,AC,Single,19900,1,1,Available,Yes,5.0,Yes,2.4,"Laundry, Hot Water Geyser, Fire Safety, TV, Refrigerator, Washing Machine"
5052,Birch Manor,Boys,Gujarat,Rajkot,AC,Triple,6500,3,2,Available,No,3.7,No,1.1,"WiFi, Housekeeping, Wardrobe, Refrigerator, Security Guard, Attached Bathroom, Hot Water Geyser, Fire Safety, CCTV Surveillance"
5052,Birch Manor,Boys,Gujarat,Rajkot,AC,Four Sharing,8400,4,1,Available,Yes,4.7,Yes,3.8,"RO Water, Study Table, Attached Bathroom, TV, Fire Safety, WiFi, Refrigerator, Security Guard, Housekeeping"
5052,Birch Manor,Boys,Gujarat,Rajkot,AC,Double,10700,2,0,Full,No,3.5,Yes,4.1,"Hot Water Geyser, Lift, WiFi, Power Backup, Laundry, Security Guard, Attached Bathroom"
5053,Jagadeesh Hostel,Boys,Haryana,Gurugram,AC,Double,10800,2,0,Full,No,4.6,Yes,1.6,"Attached Bathroom, Food Included, Security Guard, Laundry, Power Backup, Lift"
5053,Jagadeesh Hostel,Boys,Haryana,Gurugram,AC,Four Sharing,10100,4,0,Full,No,3.7,Yes,5.0,"Fire Safety, Security Guard, Refrigerator, Lift, Laundry, Housekeeping, Food Included, Power Backup, Attached Bathroom, TV"
5053,Jagadeesh Hostel,Boys,Haryana,Gurugram,AC,Triple,11300,3,3,Available,Yes,4.3,Yes,7.4,"RO Water, Study Table, Food Included, CCTV Surveillance, Lift, Security Guard, Power Backup, Fire Safety, Attached Bathroom, Parking"
5053,Jagadeesh Hostel,Boys,Haryana,Gurugram,AC,Single,11900,1,0,Full,Yes,4.7,Yes,1.3,"TV, Fire Safety, CCTV Surveillance, RO Water, Hot Water Geyser, Power Backup, Lift"
5054,Kalyan Stay,Boys,Haryana,Gurugram,AC,Double,15100,2,1,Available,Yes,3.5,Yes,0.9,"TV, Gym Access, Parking, WiFi, Power Backup, Washing Machine, Attached Bathroom"
5054,Kalyan Stay,Boys,Haryana,Gurugram,AC,Single,13300,1,0,Full,Yes,4.2,Yes,7.7,"Study Table, Laundry, Security Guard, Refrigerator, CCTV Surveillance, Lift, Attached Bathroom"
5054,Kalyan Stay,Boys,Haryana,Gurugram,AC,Four Sharing,9600,4,1,Available,No,4.0,No,4.4,"CCTV Surveillance, Housekeeping, Lift, Power Backup, Washing Machine, Study Table, Hot Water Geyser, RO Water"
5054,Kalyan Stay,Boys,Haryana,Gurugram,AC,Triple,14100,3,2,Available,No,4.1,Yes,4.0,"Laundry, RO Water, Gym Access, Hot Water Geyser, Wardrobe"
5055,Siddharth PG,Boys,Haryana,Faridabad,Non-AC,Double,9600,2,0,Full,No,4.2,No,1.5,"Fire Safety, Gym Access, Laundry, Washing Machine, Housekeeping, Security Guard, Hot Water Geyser"
5055,Siddharth PG,Boys,Haryana,Faridabad,Non-AC,Triple,5600,3,0,Full,Yes,3.7,No,1.0,"Security Guard, Attached Bathroom, Housekeeping, Laundry, WiFi, Refrigerator, Balcony"
5055,Siddharth PG,Boys,Haryana,Faridabad,Non-AC,Four Sharing,6300,4,4,Available,Yes,4.2,No,0.8,"WiFi, TV, Attached Bathroom, RO Water, Parking, Gym Access"
5056,Karthikeya House,Boys,Haryana,Faridabad,AC,Double,10900,2,0,Full,No,4.4,Yes,0.9,"CCTV Surveillance, Gym Access, Washing Machine, Parking, Security Guard, Refrigerator, Balcony, RO Water, Study Table, Attached Bathroom"
5056,Karthikeya House,Boys,Haryana,Faridabad,AC,Four Sharing,3900,4,0,Full,Yes,3.9,No,4.5,"Wardrobe, CCTV Surveillance, Housekeeping, Power Backup, Gym Access, Fire Safety, Study Table, Laundry, Attached Bathroom"
5056,Karthikeya House,Boys,Haryana,Faridabad,AC,Single,12300,1,1,Available,Yes,3.0,Yes,4.4,"Refrigerator, Wardrobe, CCTV Surveillance, Parking, Food Included, TV, WiFi, Study Table, RO Water"
5056,Karthikeya House,Boys,Haryana,Faridabad,AC,Triple,6700,3,0,Full,Yes,3.1,Yes,0.9,"Wardrobe, Food Included, Housekeeping, Lift, Hot Water Geyser, RO Water, Parking, Fire Safety, CCTV Surveillance"
5057,Bhargav House,Boys,Haryana,Panipat,AC,Triple,7100,3,1,Available,No,3.9,No,7.1,"Balcony, RO Water, Power Backup, Wardrobe, Lift"
5057,Bhargav House,Boys,Haryana,Panipat,AC,Single,8600,1,0,Full,No,3.8,Yes,6.9,"CCTV Surveillance, Security Guard, Attached Bathroom, WiFi, Parking, Study Table, Power Backup, Wardrobe, Hot Water Geyser, RO Water"
5057,Bhargav House,Boys,Haryana,Panipat,AC,Double,10100,2,1,Available,No,4.0,No,7.8,"Parking, Wardrobe, Balcony, CCTV Surveillance, TV, Laundry"
5058,Akhil Nivas,Boys,Haryana,Panipat,Non-AC,Double,11200,2,0,Full,No,3.6,Yes,5.8,"Gym Access, Wardrobe, Housekeeping, Washing Machine, Attached Bathroom, Laundry"
5058,Akhil Nivas,Boys,Haryana,Panipat,Non-AC,Triple,10300,3,2,Available,Yes,4.5,Yes,2.0,"Washing Machine, Balcony, WiFi, Hot Water Geyser, Refrigerator, Lift, RO Water"
5058,Akhil Nivas,Boys,Haryana,Panipat,Non-AC,Four Sharing,3600,4,4,Available,No,3.8,Yes,0.4,"WiFi, Study Table, Parking, Laundry, RO Water, Fire Safety, Gym Access, Power Backup, CCTV Surveillance, Lift"
5058,Akhil Nivas,Boys,Haryana,Panipat,Non-AC,Single,10800,1,0,Full,No,3.3,No,2.4,"Parking, Gym Access, Study Table, CCTV Surveillance, Fire Safety, Attached Bathroom, Food Included, Power Backup, Lift, WiFi"
5059,Vamsi Hostel,Boys,Haryana,Hisar,Non-AC,Triple,7500,3,3,Available,No,3.4,Yes,5.2,"Food Included, Balcony, Parking, Washing Machine, Fire Safety"
5059,Vamsi Hostel,Boys,Haryana,Hisar,Non-AC,Double,5900,2,2,Available,Yes,3.8,No,0.3,"Laundry, CCTV Surveillance, Security Guard, Lift, Food Included, Wardrobe"
5059,Vamsi Hostel,Boys,Haryana,Hisar,Non-AC,Four Sharing,7700,4,1,Available,Yes,5.0,No,6.4,"Laundry, Washing Machine, Parking, Refrigerator, WiFi, Study Table, Fire Safety"
5059,Vamsi Hostel,Boys,Haryana,Hisar,Non-AC,Single,12600,1,1,Available,Yes,4.7,Yes,5.7,"Security Guard, Fire Safety, Laundry, Hot Water Geyser, Gym Access, Study Table"
5060,Dheeraj Lodge,Boys,Haryana,Hisar,Non-AC,Double,10400,2,2,Available,Yes,3.4,No,6.5,"CCTV Surveillance, Power Backup, Security Guard, Laundry, TV"
5060,Dheeraj Lodge,Boys,Haryana,Hisar,Non-AC,Four Sharing,8000,4,4,Available,Yes,3.6,Yes,4.6,"Wardrobe, Security Guard, TV, RO Water, Balcony, CCTV Surveillance, Attached Bathroom, Washing Machine, Lift"
5060,Dheeraj Lodge,Boys,Haryana,Hisar,Non-AC,Triple,5700,3,0,Full,Yes,3.9,No,1.9,"WiFi, Gym Access, Fire Safety, Study Table, Laundry, Balcony"
5061,Kiran Palace,Boys,Himachal Pradesh,Shimla,Non-AC,Double,6900,2,1,Available,Yes,3.3,Yes,7.9,"Food Included, Parking, Hot Water Geyser, Attached Bathroom, Washing Machine, CCTV Surveillance"
5061,Kiran Palace,Boys,Himachal Pradesh,Shimla,Non-AC,Triple,4500,3,3,Available,No,4.0,No,5.3,"RO Water, Parking, CCTV Surveillance, Study Table, Food Included, Lift, Balcony, Wardrobe, Refrigerator, Fire Safety"
5062,Omkar Cottage,Boys,Himachal Pradesh,Shimla,Non-AC,Double,13000,2,0,Full,No,3.4,Yes,5.8,"Wardrobe, Balcony, TV, Fire Safety, Lift, Refrigerator, Laundry, Power Backup, Washing Machine, Food Included"
5062,Omkar Cottage,Boys,Himachal Pradesh,Shimla,Non-AC,Triple,7600,3,3,Available,Yes,4.5,Yes,4.0,"Security Guard, Attached Bathroom, RO Water, Housekeeping, TV, Hot Water Geyser, WiFi, CCTV Surveillance"
5062,Omkar Cottage,Boys,Himachal Pradesh,Shimla,Non-AC,Four Sharing,5300,4,1,Available,No,3.5,No,1.2,"Laundry, WiFi, Parking, Hot Water Geyser, Security Guard, RO Water"
5063,Yaswanth Homes,Boys,Himachal Pradesh,Manali,Non-AC,Single,12100,1,0,Full,No,4.7,No,7.0,"Refrigerator, Washing Machine, Hot Water Geyser, Power Backup, Wardrobe"
5063,Yaswanth Homes,Boys,Himachal Pradesh,Manali,Non-AC,Double,10900,2,0,Full,Yes,3.0,Yes,4.0,"Study Table, TV, Hot Water Geyser, Housekeeping, Attached Bathroom"
5064,Metro Nilayam,Boys,Himachal Pradesh,Manali,AC,Triple,10000,3,1,Available,No,3.3,No,7.4,"Parking, Balcony, Power Backup, WiFi, Security Guard, Gym Access, Food Included"
5064,Metro Nilayam,Boys,Himachal Pradesh,Manali,AC,Four Sharing,7500,4,3,Available,No,3.5,No,7.2,"Wardrobe, Lift, WiFi, Power Backup, Balcony, CCTV Surveillance, Gym Access, Attached Bathroom, Hot Water Geyser"
5064,Metro Nilayam,Boys,Himachal Pradesh,Manali,AC,Double,10400,2,0,Full,No,4.5,No,3.4,"WiFi, RO Water, Attached Bathroom, Wardrobe, Refrigerator, Laundry"
5065,Garden Residency,Boys,Himachal Pradesh,Dharamshala,Non-AC,Single,12800,1,1,Available,No,4.7,Yes,3.6,"Housekeeping, CCTV Surveillance, Parking, Hot Water Geyser, Balcony, Security Guard, Lift, Fire Safety"
5065,Garden Residency,Boys,Himachal Pradesh,Dharamshala,Non-AC,Double,12300,2,2,Available,No,4.6,Yes,6.6,"Attached Bathroom, Power Backup, Food Included, Lift, Gym Access, Washing Machine, Hot Water Geyser"
5066,Omkar Mansion,Boys,Himachal Pradesh,Dharamshala,Non-AC,Triple,6500,3,1,Available,No,4.5,No,3.9,"Fire Safety, Balcony, Parking, Food Included, Laundry, Hot Water Geyser"
5066,Omkar Mansion,Boys,Himachal Pradesh,Dharamshala,Non-AC,Double,10700,2,1,Available,No,4.8,No,3.6,"Gym Access, Laundry, CCTV Surveillance, Balcony, WiFi"
5067,Varun Manor,Boys,Himachal Pradesh,Solan,AC,Double,10700,2,2,Available,Yes,4.9,No,6.4,"CCTV Surveillance, Attached Bathroom, TV, Housekeeping, Parking"
5067,Varun Manor,Boys,Himachal Pradesh,Solan,AC,Triple,7400,3,2,Available,Yes,3.5,Yes,1.8,"Attached Bathroom, Housekeeping, Hot Water Geyser, CCTV Surveillance, Security Guard, Power Backup"
5068,Kalyan Hostel,Boys,Himachal Pradesh,Solan,AC,Double,12500,2,1,Available,Yes,3.3,Yes,2.7,"WiFi, Housekeeping, Refrigerator, Food Included, TV, Hot Water Geyser, Power Backup, Wardrobe"
5068,Kalyan Hostel,Boys,Himachal Pradesh,Solan,AC,Single,18000,1,1,Available,No,4.1,No,4.3,"Parking, Fire Safety, CCTV Surveillance, Attached Bathroom, Housekeeping, Gym Access, Security Guard"
5068,Kalyan Hostel,Boys,Himachal Pradesh,Solan,AC,Four Sharing,6300,4,0,Full,Yes,3.4,No,5.6,"Security Guard, Refrigerator, Lift, Washing Machine, Housekeeping, CCTV Surveillance, WiFi, Laundry"
5068,Kalyan Hostel,Boys,Himachal Pradesh,Solan,AC,Triple,9800,3,2,Available,No,4.4,No,0.9,"Fire Safety, Refrigerator, Gym Access, Hot Water Geyser, Food Included, RO Water"
5069,Praveen Stay,Boys,Jharkhand,Ranchi,AC,Single,21000,1,1,Available,No,3.8,No,6.9,"Refrigerator, Hot Water Geyser, Food Included, Wardrobe, WiFi, Power Backup, Fire Safety, RO Water, TV, Laundry"
5069,Praveen Stay,Boys,Jharkhand,Ranchi,AC,Triple,10700,3,1,Available,No,3.5,Yes,4.9,"Study Table, Gym Access, Lift, Parking, Security Guard, Balcony"
5070,Sathwik Homes,Boys,Jharkhand,Ranchi,Non-AC,Double,14800,2,1,Available,No,4.6,No,5.8,"Gym Access, Lift, Attached Bathroom, Balcony, Wardrobe, CCTV Surveillance, Parking, Study Table"
5070,Sathwik Homes,Boys,Jharkhand,Ranchi,Non-AC,Triple,9700,3,1,Available,No,3.9,No,1.8,"Balcony, WiFi, Refrigerator, Power Backup, CCTV Surveillance, RO Water, TV"
5070,Sathwik Homes,Boys,Jharkhand,Ranchi,Non-AC,Single,12200,1,1,Available,Yes,3.2,No,5.0,"Lift, Refrigerator, Study Table, TV, Hot Water Geyser, Balcony, RO Water, Washing Machine"
5070,Sathwik Homes,Boys,Jharkhand,Ranchi,Non-AC,Four Sharing,6300,4,3,Available,Yes,3.6,Yes,6.9,"CCTV Surveillance, Refrigerator, TV, Power Backup, Fire Safety, Attached Bathroom, WiFi, Housekeeping, Study Table"
5071,Brook Nilayam,Boys,Jharkhand,Jamshedpur,Non-AC,Triple,8900,3,1,Available,No,4.3,No,2.7,"Power Backup, Washing Machine, WiFi, Refrigerator, TV, Lift, Security Guard"
5071,Brook Nilayam,Boys,Jharkhand,Jamshedpur,Non-AC,Single,11600,1,0,Full,Yes,4.5,Yes,1.6,"Security Guard, Refrigerator, TV, Wardrobe, Lift, Study Table, Housekeeping, Balcony"
5072,Trinath Homes,Boys,Jharkhand,Jamshedpur,Non-AC,Double,8900,2,0,Full,No,3.4,No,2.5,"Parking, Power Backup, Study Table, Housekeeping, Laundry, Refrigerator, WiFi"
5072,Trinath Homes,Boys,Jharkhand,Jamshedpur,Non-AC,Triple,6600,3,0,Full,No,3.7,No,7.2,"Gym Access, Study Table, Parking, Washing Machine, TV, WiFi, Food Included, Hot Water Geyser, Lift"
5072,Trinath Homes,Boys,Jharkhand,Jamshedpur,Non-AC,Single,17800,1,0,Full,No,3.4,Yes,1.6,"Laundry, Balcony, Hot Water Geyser, Food Included, TV, Study Table"
5073,Oak Homes,Boys,Jharkhand,Dhanbad,AC,Four Sharing,7700,4,1,Available,No,3.3,No,4.2,"Laundry, Parking, Gym Access, Wardrobe, TV, RO Water, Balcony"
5073,Oak Homes,Boys,Jharkhand,Dhanbad,AC,Single,8000,1,1,Available,No,4.8,No,4.5,"Washing Machine, Lift, Balcony, Housekeeping, Fire Safety, Food Included"
5074,Pearl House,Boys,Jharkhand,Dhanbad,AC,Triple,4300,3,0,Full,No,3.4,No,1.5,"Gym Access, Washing Machine, Balcony, Housekeeping, Security Guard, Power Backup, Laundry, Refrigerator, TV"
5074,Pearl House,Boys,Jharkhand,Dhanbad,AC,Four Sharing,4400,4,4,Available,Yes,3.2,Yes,1.1,"Study Table, Washing Machine, RO Water, Gym Access, Housekeeping, Wardrobe"
5075,Yaswanth Lodge,Boys,Jharkhand,Bokaro,AC,Triple,7300,3,2,Available,No,4.6,Yes,3.6,"Housekeeping, Hot Water Geyser, Balcony, Wardrobe, Attached Bathroom, Refrigerator, Laundry, Security Guard"
5075,Yaswanth Lodge,Boys,Jharkhand,Bokaro,AC,Single,14600,1,1,Available,No,3.1,No,2.4,"Study Table, Hot Water Geyser, CCTV Surveillance, Gym Access, Attached Bathroom, TV, WiFi, Refrigerator"
5075,Yaswanth Lodge,Boys,Jharkhand,Bokaro,AC,Four Sharing,6900,4,3,Available,Yes,3.4,Yes,4.1,"TV, Food Included, Security Guard, Washing Machine, Laundry, Parking, Balcony, Gym Access"
5076,Sathwik House,Boys,Jharkhand,Bokaro,Non-AC,Single,18400,1,1,Available,Yes,4.3,Yes,5.0,"Refrigerator, Gym Access, Food Included, Housekeeping, Study Table, Washing Machine, Fire Safety, Wardrobe"
5076,Sathwik House,Boys,Jharkhand,Bokaro,Non-AC,Four Sharing,7700,4,1,Available,No,3.1,Yes,0.9,"Hot Water Geyser, Lift, RO Water, Power Backup, TV, CCTV Surveillance, Fire Safety, Balcony, Food Included"
5076,Sathwik House,Boys,Jharkhand,Bokaro,Non-AC,Double,9500,2,2,Available,No,4.1,No,4.2,"WiFi, Parking, Housekeeping, Lift, Food Included, RO Water, Power Backup, Security Guard, TV, Hot Water Geyser"
5076,Sathwik House,Boys,Jharkhand,Bokaro,Non-AC,Triple,10700,3,1,Available,No,4.2,No,7.2,"RO Water, Washing Machine, Study Table, Gym Access, Parking, Wardrobe, Security Guard"
5077,Hemanth Nivas,Boys,Karnataka,Bengaluru,AC,Single,12800,1,0,Full,Yes,3.9,Yes,4.4,"Refrigerator, Security Guard, RO Water, WiFi, Fire Safety, Gym Access"
5077,Hemanth Nivas,Boys,Karnataka,Bengaluru,AC,Double,10400,2,1,Available,No,3.6,Yes,1.8,"Wardrobe, Washing Machine, CCTV Surveillance, Laundry, Housekeeping, Lift, Refrigerator, Security Guard"
5077,Hemanth Nivas,Boys,Karnataka,Bengaluru,AC,Triple,12700,3,2,Available,No,3.4,Yes,2.8,"Wardrobe, Lift, Hot Water Geyser, Washing Machine, TV, Power Backup, Balcony, WiFi"
5077,Hemanth Nivas,Boys,Karnataka,Bengaluru,AC,Four Sharing,8300,4,2,Available,No,3.1,Yes,4.7,"Wardrobe, Hot Water Geyser, Security Guard, Parking, Attached Bathroom, Gym Access, Refrigerator, Fire Safety"
5078,Central Residency,Boys,Karnataka,Bengaluru,AC,Single,28500,1,0,Full,No,3.3,No,4.2,"CCTV Surveillance, Lift, Laundry, Security Guard, Wardrobe, TV"
5078,Central Residency,Boys,Karnataka,Bengaluru,AC,Double,11100,2,0,Full,No,3.2,Yes,1.3,"Attached Bathroom, Housekeeping, Security Guard, Gym Access, Study Table, Lift, WiFi, Refrigerator, Fire Safety, Parking"
5079,Manikanta Mansion,Boys,Karnataka,Mysuru,Non-AC,Single,16600,1,1,Available,No,4.1,Yes,4.3,"Wardrobe, Fire Safety, Attached Bathroom, RO Water, Hot Water Geyser, Refrigerator"
5079,Manikanta Mansion,Boys,Karnataka,Mysuru,Non-AC,Triple,9300,3,3,Available,No,3.5,Yes,6.5,"Security Guard, Refrigerator, Lift, Attached Bathroom, Fire Safety, Food Included"
5079,Manikanta Mansion,Boys,Karnataka,Mysuru,Non-AC,Four Sharing,3700,4,3,Available,No,3.6,Yes,4.9,"Study Table, Wardrobe, CCTV Surveillance, Power Backup, Housekeeping, Refrigerator"
5080,Siddharth Villa,Boys,Karnataka,Mysuru,Non-AC,Triple,7000,3,3,Available,Yes,4.2,Yes,4.9,"TV, Power Backup, Balcony, RO Water, Hot Water Geyser, Refrigerator, Attached Bathroom, Security Guard, Gym Access, Parking"
5080,Siddharth Villa,Boys,Karnataka,Mysuru,Non-AC,Double,10400,2,0,Full,No,3.6,Yes,0.6,"Power Backup, Attached Bathroom, Gym Access, CCTV Surveillance, TV"
5080,Siddharth Villa,Boys,Karnataka,Mysuru,Non-AC,Four Sharing,5700,4,0,Full,No,3.1,No,2.2,"Balcony, Hot Water Geyser, Food Included, WiFi, Gym Access"
5080,Siddharth Villa,Boys,Karnataka,Mysuru,Non-AC,Single,9800,1,0,Full,Yes,3.5,No,0.4,"Fire Safety, Attached Bathroom, Wardrobe, Study Table, Gym Access, Security Guard, CCTV Surveillance, Hot Water Geyser, Laundry, TV"
5081,Trinath Stay,Boys,Karnataka,Mangaluru,AC,Double,5800,2,0,Full,Yes,3.2,Yes,1.8,"TV, Study Table, Laundry, WiFi, Food Included, Attached Bathroom"
5081,Trinath Stay,Boys,Karnataka,Mangaluru,AC,Single,10200,1,1,Available,Yes,4.3,No,6.4,"WiFi, Parking, Fire Safety, Wardrobe, Laundry, Balcony, RO Water"
5081,Trinath Stay,Boys,Karnataka,Mangaluru,AC,Four Sharing,8400,4,4,Available,No,3.3,No,6.0,"Balcony, Lift, Study Table, WiFi, Housekeeping, CCTV Surveillance"
5081,Trinath Stay,Boys,Karnataka,Mangaluru,AC,Triple,5700,3,0,Full,Yes,3.0,Yes,5.6,"Housekeeping, CCTV Surveillance, Wardrobe, Hot Water Geyser, TV, Lift, Refrigerator, Power Backup, RO Water"
5082,Kalyan Palace,Boys,Karnataka,Mangaluru,AC,Four Sharing,6800,4,0,Full,Yes,3.6,No,4.8,"Lift, Refrigerator, Power Backup, TV, Security Guard, Attached Bathroom, CCTV Surveillance, Gym Access, Food Included, Balcony"
5082,Kalyan Palace,Boys,Karnataka,Mangaluru,AC,Triple,9000,3,3,Available,Yes,3.7,Yes,3.5,"TV, Laundry, RO Water, Housekeeping, Lift, Fire Safety, Wardrobe, Attached Bathroom, Food Included"
5082,Kalyan Palace,Boys,Karnataka,Mangaluru,AC,Single,18100,1,1,Available,No,3.2,No,1.6,"Security Guard, Wardrobe, Study Table, CCTV Surveillance, Food Included, Hot Water Geyser, TV, Lift, Housekeeping, Attached Bathroom"
5082,Kalyan Palace,Boys,Karnataka,Mangaluru,AC,Double,10200,2,2,Available,Yes,4.8,Yes,1.2,"Balcony, Study Table, Attached Bathroom, Wardrobe, WiFi, Washing Machine, Parking"
5083,Horizon Palace,Boys,Karnataka,Hubballi,AC,Double,5600,2,1,Available,No,4.4,Yes,6.1,"Fire Safety, Washing Machine, Hot Water Geyser, Balcony, Attached Bathroom, Lift, Gym Access, Refrigerator"
5083,Horizon Palace,Boys,Karnataka,Hubballi,AC,Triple,5400,3,2,Available,No,3.7,Yes,3.1,"CCTV Surveillance, RO Water, Parking, Study Table, Housekeeping, Food Included, Refrigerator, WiFi, Fire Safety, Lift"
5083,Horizon Palace,Boys,Karnataka,Hubballi,AC,Four Sharing,6200,4,4,Available,Yes,5.0,No,6.1,"WiFi, Security Guard, Hot Water Geyser, Balcony, Attached Bathroom, Lift, Parking, Laundry"
5083,Horizon Palace,Boys,Karnataka,Hubballi,AC,Single,21200,1,0,Full,No,3.6,Yes,5.5,"TV, Food Included, Washing Machine, WiFi, Hot Water Geyser"
5084,Raju Homes,Boys,Karnataka,Hubballi,AC,Double,8700,2,1,Available,Yes,3.3,Yes,4.6,"Washing Machine, Balcony, Study Table, Wardrobe, Power Backup, Food Included, Hot Water Geyser, Lift, Attached Bathroom, Parking"
5084,Raju Homes,Boys,Karnataka,Hubballi,AC,Four Sharing,6900,4,1,Available,Yes,4.7,No,7.8,"Gym Access, RO Water, Lift, Housekeeping, Washing Machine, CCTV Surveillance, Parking, Balcony"
5084,Raju Homes,Boys,Karnataka,Hubballi,AC,Single,19000,1,0,Full,Yes,3.4,No,5.9,"Security Guard, Housekeeping, Fire Safety, Washing Machine, Parking"
5084,Raju Homes,Boys,Karnataka,Hubballi,AC,Triple,5400,3,0,Full,No,4.6,Yes,7.9,"Fire Safety, Power Backup, Hot Water Geyser, TV, CCTV Surveillance, Parking"
5085,Hemanth Residency,Boys,Kerala,Kochi,AC,Double,10400,2,0,Full,No,4.8,No,4.2,"Washing Machine, Balcony, Gym Access, Laundry, RO Water, Hot Water Geyser, CCTV Surveillance, Wardrobe, Study Table, Security Guard"
5085,Hemanth Residency,Boys,Kerala,Kochi,AC,Triple,7600,3,0,Full,No,3.4,No,5.1,"Balcony, Wardrobe, TV, Attached Bathroom, Food Included"
5086,Karthikeya Comforts,Boys,Kerala,Kochi,Non-AC,Triple,8500,3,0,Full,Yes,3.3,No,1.9,"Security Guard, Parking, WiFi, CCTV Surveillance, Hot Water Geyser, Power Backup, Study Table, Refrigerator, Fire Safety, Gym Access"
5086,Karthikeya Comforts,Boys,Kerala,Kochi,Non-AC,Double,6100,2,1,Available,Yes,3.2,No,0.7,"Gym Access, Fire Safety, Food Included, RO Water, Security Guard, TV, Parking"
5086,Karthikeya Comforts,Boys,Kerala,Kochi,Non-AC,Four Sharing,6700,4,0,Full,Yes,4.3,Yes,5.3,"Housekeeping, CCTV Surveillance, Fire Safety, Hot Water Geyser, Lift, WiFi, Balcony, Washing Machine, Laundry"
5087,Dheeraj Residency,Boys,Kerala,Thiruvananthapuram,Non-AC,Triple,8400,3,1,Available,Yes,4.6,Yes,7.2,"Power Backup, Study Table, WiFi, TV, RO Water, Food Included"
5087,Dheeraj Residency,Boys,Kerala,Thiruvananthapuram,Non-AC,Four Sharing,6700,4,1,Available,No,3.3,Yes,3.6,"Wardrobe, Lift, Attached Bathroom, WiFi, Parking, Study Table"
5087,Dheeraj Residency,Boys,Kerala,Thiruvananthapuram,Non-AC,Double,6100,2,2,Available,Yes,4.8,No,3.5,"Power Backup, Balcony, TV, CCTV Surveillance, Food Included, Hot Water Geyser, Laundry, RO Water, Wardrobe, Housekeeping"
5088,Diamond PG,Boys,Kerala,Thiruvananthapuram,Non-AC,Triple,10800,3,1,Available,No,5.0,No,6.5,"Food Included, Wardrobe, Gym Access, Housekeeping, Washing Machine, Lift, Hot Water Geyser"
5088,Diamond PG,Boys,Kerala,Thiruvananthapuram,Non-AC,Four Sharing,7700,4,2,Available,No,4.8,Yes,5.8,"Power Backup, Housekeeping, Fire Safety, Laundry, Attached Bathroom, Food Included"
5089,Bharadwaj Palace,Boys,Kerala,Kozhikode,Non-AC,Double,9200,2,0,Full,No,4.6,Yes,6.7,"Balcony, Washing Machine, Study Table, Security Guard, RO Water, Refrigerator, Gym Access, Lift, Laundry, Fire Safety"
5089,Bharadwaj Palace,Boys,Kerala,Kozhikode,Non-AC,Single,21800,1,1,Available,Yes,4.6,No,6.5,"Attached Bathroom, WiFi, RO Water, Hot Water Geyser, Study Table, Fire Safety, Laundry, CCTV Surveillance, Lift"
5089,Bharadwaj Palace,Boys,Kerala,Kozhikode,Non-AC,Four Sharing,6300,4,1,Available,No,3.3,No,4.8,"Attached Bathroom, Refrigerator, TV, Lift, Power Backup"
5090,Elite Villa,Boys,Kerala,Kozhikode,Non-AC,Triple,9500,3,3,Available,Yes,4.9,Yes,2.8,"RO Water, WiFi, Housekeeping, Power Backup, Laundry, Parking, Security Guard"
5090,Elite Villa,Boys,Kerala,Kozhikode,Non-AC,Double,8900,2,2,Available,Yes,4.1,No,7.6,"RO Water, Refrigerator, Housekeeping, Laundry, Fire Safety, Washing Machine, Wardrobe"
5090,Elite Villa,Boys,Kerala,Kozhikode,Non-AC,Four Sharing,5200,4,0,Full,Yes,3.4,No,1.2,"Refrigerator, Fire Safety, Lift, Housekeeping, Parking, Attached Bathroom, TV, RO Water, Hot Water Geyser"
5091,Dheeraj Mansion,Boys,Kerala,Thrissur,AC,Four Sharing,4300,4,0,Full,No,4.0,No,0.4,"Attached Bathroom, TV, Parking, Refrigerator, Power Backup, Fire Safety, Washing Machine, RO Water, Wardrobe, Hot Water Geyser"
5091,Dheeraj Mansion,Boys,Kerala,Thrissur,AC,Triple,10300,3,2,Available,No,3.9,No,4.7,"Security Guard, CCTV Surveillance, Balcony, Housekeeping, Gym Access, Washing Machine, RO Water"
5091,Dheeraj Mansion,Boys,Kerala,Thrissur,AC,Double,6700,2,0,Full,No,3.5,No,7.9,"RO Water, Gym Access, Balcony, Food Included, WiFi, Study Table, Attached Bathroom"
5092,Sathwik Residency,Boys,Kerala,Thrissur,AC,Double,6800,2,2,Available,Yes,4.6,Yes,5.7,"TV, Lift, Attached Bathroom, Washing Machine, Balcony, Fire Safety, WiFi, Food Included, Power Backup"
5092,Sathwik Residency,Boys,Kerala,Thrissur,AC,Single,21900,1,0,Full,No,3.4,No,2.9,"Study Table, Parking, TV, Food Included, Hot Water Geyser, Laundry, Fire Safety, Balcony, Power Backup"
5092,Sathwik Residency,Boys,Kerala,Thrissur,AC,Four Sharing,5200,4,0,Full,Yes,4.3,Yes,0.6,"Laundry, Power Backup, CCTV Surveillance, Food Included, WiFi, TV, Gym Access, Lift, Study Table"
5093,Ramanandhana PG,Boys,Madhya Pradesh,Bhopal,Non-AC,Single,8800,1,1,Available,Yes,3.3,Yes,0.5,"CCTV Surveillance, Food Included, Fire Safety, Housekeeping, Refrigerator, Hot Water Geyser, Laundry"
5093,Ramanandhana PG,Boys,Madhya Pradesh,Bhopal,Non-AC,Double,5800,2,2,Available,Yes,4.6,No,4.8,"Wardrobe, Laundry, TV, Washing Machine, Hot Water Geyser, WiFi, Housekeeping, Balcony"
5094,Hemanth Homes,Boys,Madhya Pradesh,Bhopal,AC,Four Sharing,4400,4,0,Full,Yes,3.3,Yes,7.6,"TV, Power Backup, Food Included, Housekeeping, Hot Water Geyser, Laundry, Attached Bathroom, Refrigerator, Fire Safety"
5094,Hemanth Homes,Boys,Madhya Pradesh,Bhopal,AC,Double,8700,2,2,Available,No,4.8,Yes,1.4,"RO Water, WiFi, Power Backup, Wardrobe, Lift"
5094,Hemanth Homes,Boys,Madhya Pradesh,Bhopal,AC,Single,17000,1,0,Full,Yes,3.1,No,7.0,"Attached Bathroom, Lift, Study Table, Food Included, Housekeeping, Hot Water Geyser, WiFi, Power Backup, Wardrobe"
5095,Hemanth Cottage,Boys,Madhya Pradesh,Indore,AC,Triple,6600,3,0,Full,No,4.3,No,4.5,"Fire Safety, Housekeeping, RO Water, Food Included, Lift, Washing Machine, Laundry, TV"
5095,Hemanth Cottage,Boys,Madhya Pradesh,Indore,AC,Four Sharing,5000,4,3,Available,Yes,3.6,Yes,5.1,"Lift, Washing Machine, RO Water, Food Included, Parking, WiFi, Study Table, Housekeeping, Gym Access, Wardrobe"
5096,Bharadwaj Cottage,Boys,Madhya Pradesh,Indore,Non-AC,Four Sharing,6600,4,2,Available,Yes,3.5,Yes,2.5,"Study Table, Attached Bathroom, Wardrobe, Gym Access, Fire Safety, RO Water, Balcony"
5096,Bharadwaj Cottage,Boys,Madhya Pradesh,Indore,Non-AC,Double,7600,2,0,Full,No,3.5,No,6.9,"Gym Access, Refrigerator, Lift, Wardrobe, Housekeeping, CCTV Surveillance, Food Included, Laundry"
5097,Garden Villa,Boys,Madhya Pradesh,Gwalior,Non-AC,Single,18600,1,0,Full,No,3.9,No,5.2,"Fire Safety, Hot Water Geyser, Attached Bathroom, RO Water, Power Backup, Wardrobe"
5097,Garden Villa,Boys,Madhya Pradesh,Gwalior,Non-AC,Four Sharing,5100,4,4,Available,Yes,3.5,No,2.6,"Gym Access, CCTV Surveillance, Housekeeping, Study Table, TV, Fire Safety, Power Backup, Wardrobe, Food Included, Security Guard"
5097,Garden Villa,Boys,Madhya Pradesh,Gwalior,Non-AC,Triple,8200,3,1,Available,No,4.2,Yes,4.9,"TV, Hot Water Geyser, Food Included, Refrigerator, Attached Bathroom, Fire Safety, Study Table, RO Water"
5097,Garden Villa,Boys,Madhya Pradesh,Gwalior,Non-AC,Double,5500,2,2,Available,Yes,4.6,Yes,7.9,"Fire Safety, Balcony, WiFi, Lift, Study Table, Attached Bathroom, Power Backup, Gym Access"
5098,Oak Cottage,Boys,Madhya Pradesh,Gwalior,AC,Double,7100,2,0,Full,No,3.6,Yes,1.7,"Security Guard, Study Table, Lift, CCTV Surveillance, Power Backup, Wardrobe"
5098,Oak Cottage,Boys,Madhya Pradesh,Gwalior,AC,Four Sharing,6600,4,1,Available,Yes,4.1,No,1.4,"Power Backup, Gym Access, Attached Bathroom, Parking, WiFi, Wardrobe"
5099,Chaitanya Comforts,Boys,Madhya Pradesh,Jabalpur,Non-AC,Double,8600,2,2,Available,No,3.1,Yes,5.6,"Wardrobe, Hot Water Geyser, TV, Food Included, Refrigerator, Washing Machine, Study Table"
5099,Chaitanya Comforts,Boys,Madhya Pradesh,Jabalpur,Non-AC,Four Sharing,4800,4,0,Full,No,4.7,No,5.8,"WiFi, Refrigerator, CCTV Surveillance, Lift, Attached Bathroom, Wardrobe, Study Table, Fire Safety, TV"
5099,Chaitanya Comforts,Boys,Madhya Pradesh,Jabalpur,Non-AC,Single,20400,1,0,Full,Yes,4.3,No,5.7,"Food Included, CCTV Surveillance, WiFi, Refrigerator, Fire Safety, TV, Power Backup, Wardrobe, Attached Bathroom, Housekeeping"
5099,Chaitanya Comforts,Boys,Madhya Pradesh,Jabalpur,Non-AC,Triple,6500,3,2,Available,No,4.3,Yes,3.4,"Balcony, Power Backup, Housekeeping, WiFi, Lift, Study Table, Parking, TV, Laundry"
5100,Sai Krishna Villa,Boys,Madhya Pradesh,Jabalpur,Non-AC,Four Sharing,6700,4,3,Available,No,4.8,No,0.6,"Hot Water Geyser, RO Water, Laundry, Attached Bathroom, Wardrobe, Parking"
5100,Sai Krishna Villa,Boys,Madhya Pradesh,Jabalpur,Non-AC,Triple,6600,3,0,Full,Yes,4.9,Yes,7.9,"Parking, Hot Water Geyser, Security Guard, Washing Machine, Balcony, Power Backup, Laundry, Housekeeping, CCTV Surveillance"
5100,Sai Krishna Villa,Boys,Madhya Pradesh,Jabalpur,Non-AC,Double,9300,2,2,Available,No,4.5,Yes,2.7,"Refrigerator, WiFi, CCTV Surveillance, Fire Safety, Gym Access, Balcony, Parking"
5101,Cedar Residency,Boys,Maharashtra,Mumbai,Non-AC,Single,13300,1,0,Full,Yes,3.9,Yes,2.7,"TV, Wardrobe, Hot Water Geyser, Attached Bathroom, WiFi"
5101,Cedar Residency,Boys,Maharashtra,Mumbai,Non-AC,Double,7400,2,2,Available,No,3.1,Yes,6.4,"Parking, Security Guard, Lift, Housekeeping, TV"
5101,Cedar Residency,Boys,Maharashtra,Mumbai,Non-AC,Four Sharing,4400,4,2,Available,Yes,4.6,No,4.7,"Food Included, Study Table, Hot Water Geyser, Wardrobe, Power Backup, TV, Security Guard"
5102,Hill Residency,Boys,Maharashtra,Mumbai,Non-AC,Double,13500,2,0,Full,No,4.9,Yes,7.9,"Food Included, Wardrobe, Refrigerator, Hot Water Geyser, Fire Safety"
5102,Hill Residency,Boys,Maharashtra,Mumbai,Non-AC,Single,10900,1,1,Available,No,4.3,No,5.7,"Laundry, Food Included, RO Water, Washing Machine, Housekeeping"
5102,Hill Residency,Boys,Maharashtra,Mumbai,Non-AC,Four Sharing,6300,4,0,Full,Yes,4.2,No,7.6,"Parking, TV, RO Water, Refrigerator, Washing Machine, Fire Safety, Study Table, Wardrobe, Food Included, Security Guard"
5103,Karthikeya Mansion,Boys,Maharashtra,Pune,Non-AC,Four Sharing,8500,4,4,Available,Yes,4.4,No,0.6,"WiFi, Lift, Security Guard, Washing Machine, Study Table, Gym Access"
5103,Karthikeya Mansion,Boys,Maharashtra,Pune,Non-AC,Triple,10900,3,0,Full,No,4.7,Yes,3.8,"Housekeeping, Attached Bathroom, TV, Gym Access, Power Backup, Washing Machine"
5103,Karthikeya Mansion,Boys,Maharashtra,Pune,Non-AC,Single,12100,1,1,Available,No,3.9,No,6.4,"TV, Fire Safety, Housekeeping, Gym Access, CCTV Surveillance, Attached Bathroom, Parking, RO Water"
5103,Karthikeya Mansion,Boys,Maharashtra,Pune,Non-AC,Double,9300,2,1,Available,Yes,5.0,No,2.8,"Balcony, Food Included, Housekeeping, RO Water, TV"
5104,Teja Cottage,Boys,Maharashtra,Pune,Non-AC,Triple,9400,3,2,Available,Yes,4.3,No,2.7,"Fire Safety, Hot Water Geyser, Gym Access, Balcony, Study Table, TV, Security Guard"
5104,Teja Cottage,Boys,Maharashtra,Pune,Non-AC,Single,25800,1,0,Full,Yes,3.5,Yes,5.4,"Washing Machine, Power Backup, TV, Hot Water Geyser, Housekeeping, Lift, Attached Bathroom, Refrigerator, CCTV Surveillance"
5105,Charan Cottage,Boys,Maharashtra,Nagpur,Non-AC,Single,12800,1,0,Full,Yes,3.4,Yes,4.8,"Parking, Laundry, Attached Bathroom, Balcony, Washing Machine"
5105,Charan Cottage,Boys,Maharashtra,Nagpur,Non-AC,Double,12300,2,0,Full,Yes,5.0,Yes,7.6,"CCTV Surveillance, Security Guard, Refrigerator, Hot Water Geyser, Washing Machine, Wardrobe, Lift, TV"
5105,Charan Cottage,Boys,Maharashtra,Nagpur,Non-AC,Four Sharing,5800,4,4,Available,No,4.5,No,1.3,"Washing Machine, Food Included, Study Table, Power Backup, Parking, Attached Bathroom"
5105,Charan Cottage,Boys,Maharashtra,Nagpur,Non-AC,Triple,9000,3,2,Available,Yes,4.4,Yes,3.3,"Parking, Security Guard, Gym Access, CCTV Surveillance, Study Table"
5106,Sathwik Cottage,Boys,Maharashtra,Nagpur,AC,Four Sharing,4700,4,4,Available,No,4.9,No,3.1,"Food Included, TV, Study Table, WiFi, Fire Safety, Parking"
5106,Sathwik Cottage,Boys,Maharashtra,Nagpur,AC,Double,10500,2,1,Available,Yes,3.0,No,6.4,"Fire Safety, Balcony, RO Water, Refrigerator, TV, CCTV Surveillance, Food Included"
5107,Urban House,Boys,Maharashtra,Nashik,Non-AC,Four Sharing,6800,4,3,Available,Yes,4.8,No,4.9,"Fire Safety, Balcony, Housekeeping, Food Included, Gym Access, Power Backup, Laundry, Parking"
5107,Urban House,Boys,Maharashtra,Nashik,Non-AC,Double,6000,2,1,Available,Yes,3.4,No,5.8,"Food Included, Hot Water Geyser, Fire Safety, WiFi, RO Water, Attached Bathroom, Gym Access, Refrigerator, Parking"
5107,Urban House,Boys,Maharashtra,Nashik,Non-AC,Triple,10500,3,1,Available,No,3.9,Yes,5.5,"Fire Safety, Wardrobe, Parking, CCTV Surveillance, Hot Water Geyser, TV, Security Guard, WiFi"
5107,Urban House,Boys,Maharashtra,Nashik,Non-AC,Single,9800,1,0,Full,Yes,3.8,Yes,7.3,"WiFi, Laundry, Lift, TV, Attached Bathroom, Parking"
5108,Siddharth Nilayam,Boys,Maharashtra,Nashik,Non-AC,Triple,8900,3,2,Available,No,4.9,Yes,3.1,"RO Water, Power Backup, Food Included, Hot Water Geyser, Balcony, Security Guard, Laundry, Parking, Refrigerator"
5108,Siddharth Nilayam,Boys,Maharashtra,Nashik,Non-AC,Double,10700,2,0,Full,No,4.4,Yes,0.8,"Hot Water Geyser, Parking, Laundry, Study Table, Fire Safety, Wardrobe, RO Water"
5108,Siddharth Nilayam,Boys,Maharashtra,Nashik,Non-AC,Single,20800,1,1,Available,No,3.1,Yes,7.6,"Fire Safety, Housekeeping, Study Table, Washing Machine, Balcony, Laundry, TV, Hot Water Geyser, Refrigerator, Food Included"
5109,Lokesh Villa,Boys,Manipur,Imphal,AC,Triple,8600,3,2,Available,No,3.8,Yes,7.3,"Parking, TV, CCTV Surveillance, Balcony, Laundry, Fire Safety, Food Included, Study Table, Washing Machine"
5109,Lokesh Villa,Boys,Manipur,Imphal,AC,Double,6300,2,1,Available,No,4.9,No,5.9,"CCTV Surveillance, Lift, Study Table, TV, Parking"
5109,Lokesh Villa,Boys,Manipur,Imphal,AC,Four Sharing,6500,4,1,Available,No,3.5,Yes,6.3,"CCTV Surveillance, Laundry, Balcony, Wardrobe, Lift, RO Water, Study Table, Housekeeping"
5109,Lokesh Villa,Boys,Manipur,Imphal,AC,Single,9300,1,0,Full,No,4.9,Yes,7.8,"Gym Access, Fire Safety, Wardrobe, Hot Water Geyser, Refrigerator, WiFi"
5110,Ivy Nivas,Boys,Manipur,Imphal,Non-AC,Double,6200,2,0,Full,No,4.5,Yes,0.7,"Hot Water Geyser, Wardrobe, Balcony, Food Included, Washing Machine, Laundry, Housekeeping"
5110,Ivy Nivas,Boys,Manipur,Imphal,Non-AC,Single,17000,1,0,Full,No,3.5,Yes,7.1,"Balcony, TV, Hot Water Geyser, RO Water, Wardrobe"
5111,Bharadwaj Villa,Boys,Meghalaya,Shillong,AC,Triple,5100,3,2,Available,No,3.8,Yes,3.4,"Wardrobe, RO Water, Study Table, Security Guard, Washing Machine, Food Included, CCTV Surveillance"
5111,Bharadwaj Villa,Boys,Meghalaya,Shillong,AC,Double,7100,2,0,Full,Yes,4.5,Yes,5.1,"RO Water, Laundry, Fire Safety, Study Table, Food Included, Power Backup, Attached Bathroom"
5111,Bharadwaj Villa,Boys,Meghalaya,Shillong,AC,Four Sharing,7600,4,3,Available,Yes,4.2,No,4.9,"Housekeeping, Wardrobe, TV, Security Guard, RO Water, Balcony"
5111,Bharadwaj Villa,Boys,Meghalaya,Shillong,AC,Single,17400,1,1,Available,Yes,4.0,Yes,1.8,"RO Water, Washing Machine, Parking, Laundry, TV, Lift, Wardrobe"
5112,Jagadeesh Nivas,Boys,Meghalaya,Shillong,AC,Triple,4400,3,3,Available,No,4.9,No,5.4,"CCTV Surveillance, Lift, Housekeeping, Laundry, Hot Water Geyser, TV, Wardrobe"
5112,Jagadeesh Nivas,Boys,Meghalaya,Shillong,AC,Double,14100,2,1,Available,No,4.9,No,2.7,"Lift, CCTV Surveillance, Study Table, Wardrobe, Attached Bathroom"
5112,Jagadeesh Nivas,Boys,Meghalaya,Shillong,AC,Single,10600,1,1,Available,Yes,3.0,Yes,5.7,"Study Table, Hot Water Geyser, Wardrobe, RO Water, Parking"
5112,Jagadeesh Nivas,Boys,Meghalaya,Shillong,AC,Four Sharing,5100,4,0,Full,Yes,4.4,Yes,1.3,"Balcony, TV, Power Backup, Study Table, Attached Bathroom, Parking, Gym Access, Lift"
5113,Raju Nivas,Boys,Mizoram,Aizawl,AC,Triple,6800,3,1,Available,No,3.5,Yes,7.2,"Hot Water Geyser, Refrigerator, Study Table, Food Included, Washing Machine, Balcony, Laundry, Power Backup, Fire Safety"
5113,Raju Nivas,Boys,Mizoram,Aizawl,AC,Single,21300,1,0,Full,Yes,3.3,Yes,1.9,"TV, Attached Bathroom, Lift, Gym Access, RO Water, Washing Machine"
5113,Raju Nivas,Boys,Mizoram,Aizawl,AC,Four Sharing,4300,4,3,Available,Yes,4.1,Yes,1.4,"Wardrobe, TV, CCTV Surveillance, RO Water, Lift, Study Table, Gym Access"
5113,Raju Nivas,Boys,Mizoram,Aizawl,AC,Double,6900,2,0,Full,Yes,4.1,No,5.8,"Power Backup, CCTV Surveillance, Hot Water Geyser, Laundry, Attached Bathroom, Housekeeping, Lift, Gym Access, TV, Refrigerator"
5114,Mahesh Residency,Boys,Mizoram,Aizawl,AC,Triple,9300,3,1,Available,No,4.1,No,0.5,"RO Water, Housekeeping, Laundry, Gym Access, Power Backup, Refrigerator"
5114,Mahesh Residency,Boys,Mizoram,Aizawl,AC,Double,14900,2,0,Full,No,3.1,No,2.6,"Power Backup, Housekeeping, Food Included, Attached Bathroom, Fire Safety, Gym Access, Security Guard, Balcony, Wardrobe"
5114,Mahesh Residency,Boys,Mizoram,Aizawl,AC,Four Sharing,7900,4,0,Full,Yes,3.8,Yes,7.5,"Food Included, Refrigerator, Study Table, Lift, Wardrobe, CCTV Surveillance, Balcony, Attached Bathroom"
5114,Mahesh Residency,Boys,Mizoram,Aizawl,AC,Single,18600,1,0,Full,No,4.5,No,7.7,"Study Table, Refrigerator, Attached Bathroom, Lift, RO Water"
5115,Venkatesh PG,Boys,Nagaland,Kohima,AC,Double,10600,2,0,Full,Yes,4.5,No,7.6,"Housekeeping, Wardrobe, Gym Access, Lift, Fire Safety, Hot Water Geyser"
5115,Venkatesh PG,Boys,Nagaland,Kohima,AC,Single,8100,1,1,Available,No,4.1,No,2.4,"Power Backup, Laundry, CCTV Surveillance, Security Guard, Study Table, Fire Safety, Housekeeping, TV"
5115,Venkatesh PG,Boys,Nagaland,Kohima,AC,Triple,5900,3,3,Available,No,4.4,No,3.8,"Laundry, Wardrobe, Refrigerator, CCTV Surveillance, Gym Access, Washing Machine, RO Water, Lift"
5115,Venkatesh PG,Boys,Nagaland,Kohima,AC,Four Sharing,8400,4,0,Full,No,4.7,Yes,7.8,"Gym Access, WiFi, Parking, Lift, Laundry, RO Water, Balcony, Hot Water Geyser"
5116,Sandeep Comforts,Boys,Nagaland,Kohima,Non-AC,Four Sharing,4600,4,3,Available,Yes,3.4,No,6.5,"Hot Water Geyser, Laundry, RO Water, Attached Bathroom, Fire Safety, Security Guard, Lift, WiFi, Food Included, CCTV Surveillance"
5116,Sandeep Comforts,Boys,Nagaland,Kohima,Non-AC,Single,13200,1,1,Available,Yes,3.1,No,1.4,"Balcony, Hot Water Geyser, Security Guard, Study Table, TV, Housekeeping"
5116,Sandeep Comforts,Boys,Nagaland,Kohima,Non-AC,Double,8900,2,2,Available,Yes,3.2,No,3.4,"WiFi, Hot Water Geyser, Food Included, Fire Safety, Refrigerator, Wardrobe, Study Table, Attached Bathroom"
5117,Ramanandhana Nivas,Boys,Nagaland,Dimapur,Non-AC,Single,21400,1,0,Full,Yes,4.8,No,4.1,"Balcony, Washing Machine, Fire Safety, Food Included, Study Table, TV, Gym Access, RO Water"
5117,Ramanandhana Nivas,Boys,Nagaland,Dimapur,Non-AC,Triple,6300,3,0,Full,Yes,3.2,No,3.5,"TV, Lift, Study Table, Security Guard, Washing Machine"
5117,Ramanandhana Nivas,Boys,Nagaland,Dimapur,Non-AC,Double,13800,2,0,Full,No,4.7,No,5.2,"Laundry, RO Water, Wardrobe, Fire Safety, Parking, TV, Food Included, Housekeeping"
5117,Ramanandhana Nivas,Boys,Nagaland,Dimapur,Non-AC,Four Sharing,4900,4,0,Full,Yes,4.3,No,0.8,"Gym Access, Balcony, Security Guard, CCTV Surveillance, Washing Machine, Power Backup"
5118,Nagarjuna House,Boys,Nagaland,Dimapur,AC,Single,8200,1,1,Available,No,4.5,No,4.0,"TV, CCTV Surveillance, Fire Safety, Hot Water Geyser, Gym Access"
5118,Nagarjuna House,Boys,Nagaland,Dimapur,AC,Four Sharing,6000,4,3,Available,No,3.6,No,1.4,"RO Water, Parking, Wardrobe, Power Backup, Housekeeping"
5118,Nagarjuna House,Boys,Nagaland,Dimapur,AC,Triple,8600,3,0,Full,Yes,3.2,Yes,6.4,"Parking, Hot Water Geyser, Gym Access, Housekeeping, Power Backup, Security Guard, TV, Refrigerator, Lift"
5119,Charan Nilayam,Boys,Odisha,Bhubaneswar,AC,Four Sharing,5400,4,3,Available,Yes,3.8,No,7.7,"Hot Water Geyser, Attached Bathroom, Power Backup, Study Table, Balcony, CCTV Surveillance, Housekeeping, Gym Access, TV"
5119,Charan Nilayam,Boys,Odisha,Bhubaneswar,AC,Triple,6100,3,2,Available,Yes,4.0,No,2.3,"Food Included, Gym Access, Security Guard, TV, Refrigerator, Fire Safety, RO Water"
5119,Charan Nilayam,Boys,Odisha,Bhubaneswar,AC,Single,11200,1,1,Available,No,3.9,No,7.7,"Hot Water Geyser, CCTV Surveillance, Gym Access, WiFi, Laundry"
5119,Charan Nilayam,Boys,Odisha,Bhubaneswar,AC,Double,11700,2,2,Available,Yes,3.8,Yes,2.1,"Gym Access, Attached Bathroom, Balcony, Housekeeping, Lift, Security Guard, WiFi, Parking, TV, RO Water"
5120,Vamsi Cottage,Boys,Odisha,Bhubaneswar,AC,Triple,5900,3,2,Available,Yes,3.1,Yes,6.7,"CCTV Surveillance, Study Table, TV, Security Guard, WiFi"
5120,Vamsi Cottage,Boys,Odisha,Bhubaneswar,AC,Double,12800,2,1,Available,No,3.7,No,5.7,"Lift, Power Backup, Washing Machine, Gym Access, Attached Bathroom, Housekeeping, Hot Water Geyser, Study Table, Food Included"
5121,Yaswanth Villa,Boys,Odisha,Cuttack,AC,Double,7300,2,1,Available,Yes,3.6,No,1.0,"WiFi, TV, Hot Water Geyser, Washing Machine, Study Table, Laundry, Parking"
5121,Yaswanth Villa,Boys,Odisha,Cuttack,AC,Single,18900,1,1,Available,Yes,4.3,No,3.9,"Laundry, Security Guard, Attached Bathroom, Hot Water Geyser, Refrigerator, Lift, Food Included"
5121,Yaswanth Villa,Boys,Odisha,Cuttack,AC,Triple,6100,3,1,Available,Yes,3.3,No,3.1,"Fire Safety, Laundry, Balcony, Hot Water Geyser, CCTV Surveillance, TV, Wardrobe, Attached Bathroom, Gym Access"
5122,Vamsi PG,Boys,Odisha,Cuttack,AC,Four Sharing,6100,4,4,Available,Yes,4.8,No,5.6,"Lift, Laundry, Study Table, WiFi, Refrigerator, Housekeeping, Fire Safety, Hot Water Geyser"
5122,Vamsi PG,Boys,Odisha,Cuttack,AC,Double,12300,2,2,Available,No,4.8,No,6.3,"Laundry, Food Included, Security Guard, TV, CCTV Surveillance, Washing Machine, Parking, RO Water, Hot Water Geyser, Refrigerator"
5122,Vamsi PG,Boys,Odisha,Cuttack,AC,Triple,6200,3,2,Available,Yes,3.8,No,3.8,"Lift, RO Water, Fire Safety, Refrigerator, TV"
5123,Garden Manor,Boys,Odisha,Rourkela,Non-AC,Four Sharing,6000,4,0,Full,Yes,3.3,No,0.3,"Parking, Gym Access, Study Table, Lift, Food Included, TV, Housekeeping, RO Water, Security Guard, Hot Water Geyser"
5123,Garden Manor,Boys,Odisha,Rourkela,Non-AC,Double,14400,2,1,Available,Yes,4.1,Yes,6.6,"Balcony, Gym Access, Lift, RO Water, Security Guard, Hot Water Geyser, CCTV Surveillance, Refrigerator, Attached Bathroom, WiFi"
5123,Garden Manor,Boys,Odisha,Rourkela,Non-AC,Single,10600,1,1,Available,No,3.2,No,6.4,"Attached Bathroom, WiFi, Fire Safety, Food Included, CCTV Surveillance, Wardrobe, Refrigerator, Washing Machine, TV, Parking"
5123,Garden Manor,Boys,Odisha,Rourkela,Non-AC,Triple,7400,3,1,Available,No,4.4,Yes,2.9,"Parking, Attached Bathroom, Power Backup, WiFi, Food Included, Washing Machine, Balcony, CCTV Surveillance"
5124,Harsha Nivas,Boys,Odisha,Rourkela,Non-AC,Double,7300,2,0,Full,Yes,4.7,No,3.4,"TV, Security Guard, Attached Bathroom, Refrigerator, Wardrobe, Balcony, Parking"
5124,Harsha Nivas,Boys,Odisha,Rourkela,Non-AC,Triple,7400,3,3,Available,Yes,3.7,Yes,0.3,"Wardrobe, Attached Bathroom, Fire Safety, Food Included, Parking, Housekeeping, Hot Water Geyser, Washing Machine, Power Backup"
5124,Harsha Nivas,Boys,Odisha,Rourkela,Non-AC,Four Sharing,3900,4,1,Available,No,3.8,Yes,5.3,"Food Included, CCTV Surveillance, Washing Machine, Attached Bathroom, Refrigerator, Balcony"
5124,Harsha Nivas,Boys,Odisha,Rourkela,Non-AC,Single,14500,1,0,Full,No,4.0,Yes,1.5,"Refrigerator, TV, Food Included, Fire Safety, RO Water, Parking, Balcony, Wardrobe, Power Backup, Washing Machine"
5125,Kiran Manor,Boys,Odisha,Puri,AC,Triple,5700,3,1,Available,No,3.1,Yes,2.1,"Balcony, Fire Safety, Lift, WiFi, Gym Access, RO Water, Washing Machine"
5125,Kiran Manor,Boys,Odisha,Puri,AC,Four Sharing,4100,4,2,Available,Yes,4.4,Yes,1.2,"Laundry, Parking, Housekeeping, Lift, Balcony, Fire Safety, CCTV Surveillance, Food Included"
5126,Siddharth Manor,Boys,Odisha,Puri,Non-AC,Double,6000,2,1,Available,No,3.8,Yes,7.5,"Balcony, Wardrobe, Parking, Power Backup, Security Guard, Food Included, Attached Bathroom, Laundry"
5126,Siddharth Manor,Boys,Odisha,Puri,Non-AC,Single,10100,1,1,Available,No,5.0,No,0.7,"CCTV Surveillance, Security Guard, Fire Safety, Gym Access, Parking, Lift, Study Table, WiFi, Wardrobe, Food Included"
5126,Siddharth Manor,Boys,Odisha,Puri,Non-AC,Four Sharing,3400,4,1,Available,No,3.1,No,3.6,"Fire Safety, Lift, Hot Water Geyser, Balcony, Wardrobe, Washing Machine"
5127,Mahesh PG,Boys,Punjab,Ludhiana,AC,Double,7300,2,1,Available,No,4.1,Yes,5.2,"Hot Water Geyser, Study Table, Laundry, CCTV Surveillance, Housekeeping, Parking"
5127,Mahesh PG,Boys,Punjab,Ludhiana,AC,Four Sharing,7500,4,2,Available,Yes,4.8,Yes,5.9,"Balcony, Hot Water Geyser, Housekeeping, Laundry, Parking, Food Included"
5127,Mahesh PG,Boys,Punjab,Ludhiana,AC,Triple,8600,3,0,Full,Yes,3.7,Yes,7.7,"Parking, Hot Water Geyser, Fire Safety, Washing Machine, Security Guard, Wardrobe, CCTV Surveillance"
5127,Mahesh PG,Boys,Punjab,Ludhiana,AC,Single,12900,1,0,Full,No,3.9,No,2.4,"Security Guard, Washing Machine, Attached Bathroom, Housekeeping, Fire Safety"
5128,Adarsh Hostel,Boys,Punjab,Ludhiana,Non-AC,Triple,10000,3,0,Full,Yes,4.5,No,3.3,"Wardrobe, Laundry, Food Included, Power Backup, WiFi, Housekeeping, Security Guard, RO Water, Hot Water Geyser"
5128,Adarsh Hostel,Boys,Punjab,Ludhiana,Non-AC,Double,10400,2,2,Available,Yes,4.6,No,0.9,"Fire Safety, Food Included, TV, Laundry, Balcony, Washing Machine"
5128,Adarsh Hostel,Boys,Punjab,Ludhiana,Non-AC,Single,21400,1,1,Available,Yes,4.5,No,8.0,"Washing Machine, Housekeeping, TV, Laundry, Hot Water Geyser, Fire Safety, RO Water"
5129,Ramanandhana Stay,Boys,Punjab,Amritsar,AC,Double,14900,2,0,Full,Yes,3.3,Yes,4.2,"RO Water, TV, Refrigerator, Housekeeping, Attached Bathroom, Fire Safety, Power Backup, Hot Water Geyser, Study Table"
5129,Ramanandhana Stay,Boys,Punjab,Amritsar,AC,Triple,4300,3,2,Available,Yes,4.5,No,0.5,"CCTV Surveillance, Lift, WiFi, Hot Water Geyser, Security Guard, Power Backup, Gym Access, Laundry, Attached Bathroom"
5129,Ramanandhana Stay,Boys,Punjab,Amritsar,AC,Four Sharing,7900,4,4,Available,No,4.7,No,7.7,"TV, Food Included, Refrigerator, RO Water, Study Table, Gym Access, Fire Safety"
5130,Manikanta House,Boys,Punjab,Amritsar,Non-AC,Four Sharing,5700,4,2,Available,Yes,3.6,Yes,1.4,"Gym Access, Refrigerator, Power Backup, Wardrobe, Hot Water Geyser, Parking, CCTV Surveillance, TV"
5130,Manikanta House,Boys,Punjab,Amritsar,Non-AC,Triple,4800,3,3,Available,No,3.4,No,4.7,"Power Backup, Fire Safety, CCTV Surveillance, Gym Access, Housekeeping, Study Table, Parking, Security Guard, Lift, Washing Machine"
5131,Gopichand Comforts,Boys,Punjab,Jalandhar,Non-AC,Triple,9600,3,3,Available,Yes,4.9,No,3.9,"WiFi, Power Backup, Gym Access, Food Included, Refrigerator"
5131,Gopichand Comforts,Boys,Punjab,Jalandhar,Non-AC,Four Sharing,8100,4,1,Available,Yes,4.1,Yes,6.3,"Laundry, TV, Lift, Housekeeping, Washing Machine, Study Table"
5132,Gopichand Mansion,Boys,Punjab,Jalandhar,Non-AC,Triple,4700,3,2,Available,Yes,3.4,Yes,7.4,"CCTV Surveillance, Power Backup, Refrigerator, Wardrobe, Washing Machine, Study Table"
5132,Gopichand Mansion,Boys,Punjab,Jalandhar,Non-AC,Single,20900,1,1,Available,No,4.0,Yes,6.5,"RO Water, Balcony, Washing Machine, Refrigerator, TV, Laundry"
5132,Gopichand Mansion,Boys,Punjab,Jalandhar,Non-AC,Four Sharing,4900,4,0,Full,Yes,3.9,Yes,2.2,"TV, Study Table, Attached Bathroom, Balcony, Refrigerator, Hot Water Geyser, Housekeeping, Washing Machine"
5132,Gopichand Mansion,Boys,Punjab,Jalandhar,Non-AC,Double,8400,2,2,Available,No,3.4,Yes,0.6,"Security Guard, RO Water, Refrigerator, Laundry, Washing Machine, TV, Attached Bathroom, Fire Safety, Housekeeping, WiFi"
5133,Gopichand Residency,Boys,Punjab,Patiala,AC,Double,9900,2,2,Available,No,3.1,Yes,4.7,"Hot Water Geyser, Attached Bathroom, WiFi, Wardrobe, Power Backup, Fire Safety"
5133,Gopichand Residency,Boys,Punjab,Patiala,AC,Single,11800,1,0,Full,Yes,4.7,Yes,3.5,"Security Guard, Food Included, Fire Safety, CCTV Surveillance, Hot Water Geyser, Power Backup"
5134,Raju PG,Boys,Punjab,Patiala,Non-AC,Triple,10300,3,3,Available,No,3.5,No,1.6,"Wardrobe, Balcony, Food Included, TV, Hot Water Geyser, Laundry, Refrigerator"
5134,Raju PG,Boys,Punjab,Patiala,Non-AC,Four Sharing,4800,4,3,Available,Yes,4.0,Yes,6.7,"RO Water, Security Guard, Washing Machine, TV, Housekeeping, WiFi, Study Table, Wardrobe"
5134,Raju PG,Boys,Punjab,Patiala,Non-AC,Double,6400,2,2,Available,Yes,3.5,Yes,0.5,"Wardrobe, Food Included, Study Table, CCTV Surveillance, Power Backup, Housekeeping"
5135,Sunrise Lodge,Boys,Rajasthan,Jaipur,AC,Double,7300,2,2,Available,Yes,3.9,No,2.0,"Fire Safety, Parking, Power Backup, Security Guard, Wardrobe"
5135,Sunrise Lodge,Boys,Rajasthan,Jaipur,AC,Triple,8000,3,3,Available,No,3.4,Yes,7.7,"RO Water, CCTV Surveillance, WiFi, Security Guard, Power Backup"
5135,Sunrise Lodge,Boys,Rajasthan,Jaipur,AC,Single,19500,1,0,Full,No,4.0,Yes,3.0,"Food Included, CCTV Surveillance, Gym Access, Wardrobe, Study Table"
5135,Sunrise Lodge,Boys,Rajasthan,Jaipur,AC,Four Sharing,6900,4,0,Full,No,4.7,No,5.1,"Attached Bathroom, Refrigerator, Security Guard, Washing Machine, TV"
5136,Manikanta Lodge,Boys,Rajasthan,Jaipur,Non-AC,Four Sharing,7600,4,1,Available,Yes,4.0,No,3.4,"Attached Bathroom, Gym Access, CCTV Surveillance, Parking, Power Backup, Laundry, RO Water"
5136,Manikanta Lodge,Boys,Rajasthan,Jaipur,Non-AC,Single,15900,1,0,Full,Yes,3.5,Yes,4.1,"Study Table, Fire Safety, Refrigerator, Balcony, Attached Bathroom, WiFi, Parking, Hot Water Geyser"
5136,Manikanta Lodge,Boys,Rajasthan,Jaipur,Non-AC,Double,10500,2,2,Available,No,4.6,Yes,0.3,"Wardrobe, Food Included, Lift, Laundry, RO Water, Study Table, Refrigerator, Balcony, Power Backup"
5137,Park Nilayam,Boys,Rajasthan,Jodhpur,AC,Four Sharing,3300,4,4,Available,Yes,4.4,No,3.1,"Attached Bathroom, WiFi, RO Water, Security Guard, Housekeeping, Fire Safety, Food Included"
5137,Park Nilayam,Boys,Rajasthan,Jodhpur,AC,Single,15500,1,1,Available,No,4.9,No,3.3,"Refrigerator, Parking, Laundry, Power Backup, Wardrobe, Balcony"
5137,Park Nilayam,Boys,Rajasthan,Jodhpur,AC,Triple,10900,3,3,Available,No,3.8,Yes,2.4,"Housekeeping, Laundry, Refrigerator, Study Table, Parking"
5138,Rakesh Manor,Boys,Rajasthan,Jodhpur,AC,Triple,9900,3,1,Available,Yes,4.0,Yes,2.9,"Fire Safety, Food Included, Study Table, CCTV Surveillance, Lift, Power Backup"
5138,Rakesh Manor,Boys,Rajasthan,Jodhpur,AC,Four Sharing,5900,4,1,Available,No,4.9,Yes,3.5,"Parking, Washing Machine, Study Table, Security Guard, TV, Gym Access, Power Backup, Lift"
5139,Urban Comforts,Boys,Rajasthan,Udaipur,Non-AC,Double,14400,2,2,Available,No,3.7,Yes,7.1,"RO Water, TV, Food Included, Hot Water Geyser, Security Guard, CCTV Surveillance, Lift, Power Backup"
5139,Urban Comforts,Boys,Rajasthan,Udaipur,Non-AC,Single,14400,1,1,Available,No,4.1,No,1.6,"Washing Machine, Food Included, Wardrobe, Balcony, Study Table, Gym Access"
5140,Ramanandhana Villa,Boys,Rajasthan,Udaipur,AC,Double,13200,2,2,Available,No,4.1,Yes,3.1,"Attached Bathroom, Housekeeping, Hot Water Geyser, Laundry, Gym Access, Wardrobe, Refrigerator"
5140,Ramanandhana Villa,Boys,Rajasthan,Udaipur,AC,Triple,9200,3,3,Available,No,4.6,No,7.8,"Balcony, Attached Bathroom, Fire Safety, Washing Machine, Laundry, Hot Water Geyser, RO Water, Lift"
5140,Ramanandhana Villa,Boys,Rajasthan,Udaipur,AC,Single,21500,1,0,Full,Yes,4.7,No,4.0,"TV, Food Included, Balcony, Washing Machine, Gym Access, Fire Safety, Refrigerator, Housekeeping"
5141,Uday Lodge,Boys,Rajasthan,Kota,AC,Single,16400,1,1,Available,Yes,4.5,No,4.3,"Parking, Refrigerator, Washing Machine, Study Table, Attached Bathroom, Gym Access, RO Water, Hot Water Geyser, Food Included, Security Guard"
5141,Uday Lodge,Boys,Rajasthan,Kota,AC,Four Sharing,5300,4,0,Full,No,3.3,Yes,4.5,"Hot Water Geyser, RO Water, Power Backup, Study Table, CCTV Surveillance, Refrigerator, Parking"
5142,Charan Palace,Boys,Rajasthan,Kota,AC,Triple,7000,3,1,Available,No,3.5,Yes,7.7,"Hot Water Geyser, Study Table, CCTV Surveillance, Parking, Balcony, Wardrobe"
5142,Charan Palace,Boys,Rajasthan,Kota,AC,Four Sharing,4600,4,2,Available,No,4.7,No,1.3,"Lift, TV, RO Water, Wardrobe, Hot Water Geyser, CCTV Surveillance, Fire Safety, Security Guard"
5142,Charan Palace,Boys,Rajasthan,Kota,AC,Double,13100,2,0,Full,No,4.4,Yes,3.8,"Fire Safety, Security Guard, WiFi, Wardrobe, Refrigerator, Power Backup, Hot Water Geyser, RO Water"
5142,Charan Palace,Boys,Rajasthan,Kota,AC,Single,19300,1,0,Full,No,4.2,No,5.6,"Power Backup, WiFi, CCTV Surveillance, Housekeeping, TV, Refrigerator"
5143,Praveen Cottage,Boys,Sikkim,Gangtok,Non-AC,Single,13700,1,0,Full,No,4.4,No,3.4,"Laundry, RO Water, WiFi, Washing Machine, Security Guard, Housekeeping, Wardrobe"
5143,Praveen Cottage,Boys,Sikkim,Gangtok,Non-AC,Double,6600,2,0,Full,No,4.5,Yes,0.9,"Food Included, Security Guard, WiFi, Hot Water Geyser, Fire Safety"
5143,Praveen Cottage,Boys,Sikkim,Gangtok,Non-AC,Four Sharing,5200,4,3,Available,No,4.4,Yes,2.0,"Gym Access, Housekeeping, Wardrobe, Food Included, TV, Laundry, Fire Safety"
5144,Harsha House,Boys,Sikkim,Gangtok,Non-AC,Triple,7800,3,3,Available,Yes,4.9,Yes,1.1,"Laundry, Fire Safety, Attached Bathroom, Gym Access, Study Table, Wardrobe, Food Included"
5144,Harsha House,Boys,Sikkim,Gangtok,Non-AC,Double,13600,2,2,Available,Yes,3.7,Yes,5.8,"Food Included, Security Guard, WiFi, Attached Bathroom, Balcony"
5144,Harsha House,Boys,Sikkim,Gangtok,Non-AC,Four Sharing,7300,4,3,Available,Yes,3.5,No,5.5,"Food Included, Parking, Refrigerator, Hot Water Geyser, Wardrobe, CCTV Surveillance, Study Table"
5144,Harsha House,Boys,Sikkim,Gangtok,Non-AC,Single,13600,1,0,Full,No,3.5,Yes,3.7,"Laundry, Wardrobe, Housekeeping, Refrigerator, Food Included"
5145,Kalyan Villa,Boys,Tamil Nadu,Chennai,Non-AC,Double,12200,2,0,Full,No,3.4,Yes,1.4,"TV, WiFi, Lift, Parking, Refrigerator"
5145,Kalyan Villa,Boys,Tamil Nadu,Chennai,Non-AC,Single,17100,1,1,Available,No,4.6,Yes,2.6,"Balcony, Refrigerator, CCTV Surveillance, Study Table, Wardrobe, Washing Machine, WiFi, Fire Safety"
5146,Rakesh Living,Boys,Tamil Nadu,Chennai,Non-AC,Double,10300,2,1,Available,Yes,4.3,No,5.0,"Refrigerator, CCTV Surveillance, Attached Bathroom, Laundry, Wardrobe, Power Backup, Balcony, Gym Access, Lift"
5146,Rakesh Living,Boys,Tamil Nadu,Chennai,Non-AC,Four Sharing,9900,4,0,Full,Yes,3.2,Yes,6.4,"Gym Access, RO Water, Hot Water Geyser, CCTV Surveillance, Fire Safety, Security Guard, Washing Machine, Lift"
5147,Mahesh Hostel,Boys,Tamil Nadu,Coimbatore,AC,Double,9300,2,0,Full,Yes,4.6,No,2.9,"Parking, Refrigerator, Fire Safety, Lift, Laundry, Security Guard, RO Water"
5147,Mahesh Hostel,Boys,Tamil Nadu,Coimbatore,AC,Triple,5100,3,1,Available,Yes,4.3,No,2.3,"Housekeeping, Laundry, WiFi, Attached Bathroom, Wardrobe, Lift, Gym Access, Balcony, Security Guard"
5147,Mahesh Hostel,Boys,Tamil Nadu,Coimbatore,AC,Four Sharing,6800,4,3,Available,No,3.9,No,2.6,"Refrigerator, CCTV Surveillance, Gym Access, Lift, RO Water, Wardrobe"
5148,Harsha Living,Boys,Tamil Nadu,Coimbatore,Non-AC,Single,14800,1,0,Full,Yes,4.4,Yes,2.8,"RO Water, Housekeeping, Refrigerator, Hot Water Geyser, Fire Safety, Lift, Wardrobe"
5148,Harsha Living,Boys,Tamil Nadu,Coimbatore,Non-AC,Four Sharing,6900,4,3,Available,No,3.6,No,4.9,"Balcony, Washing Machine, WiFi, Fire Safety, Security Guard, Power Backup"
5148,Harsha Living,Boys,Tamil Nadu,Coimbatore,Non-AC,Triple,10900,3,3,Available,No,4.8,No,6.3,"Parking, Housekeeping, Fire Safety, CCTV Surveillance, Laundry, WiFi, RO Water, Refrigerator, Lift"
5149,Star Nivas,Boys,Tamil Nadu,Madurai,Non-AC,Four Sharing,7800,4,4,Available,Yes,3.9,No,0.6,"Balcony, Power Backup, RO Water, Food Included, TV, Security Guard, Washing Machine"
5149,Star Nivas,Boys,Tamil Nadu,Madurai,Non-AC,Double,11200,2,2,Available,Yes,3.8,No,2.9,"Parking, Balcony, Hot Water Geyser, Lift, Wardrobe, Refrigerator, Laundry, WiFi"
5150,Venkatesh Stay,Boys,Tamil Nadu,Madurai,Non-AC,Triple,8300,3,0,Full,Yes,3.8,Yes,3.9,"Fire Safety, Lift, Washing Machine, Food Included, RO Water, TV"
5150,Venkatesh Stay,Boys,Tamil Nadu,Madurai,Non-AC,Single,16200,1,1,Available,Yes,3.3,No,3.5,"Study Table, Power Backup, Lift, Security Guard, Hot Water Geyser"
5151,Grand Manor,Boys,Tamil Nadu,Tiruchirappalli,Non-AC,Four Sharing,6900,4,4,Available,Yes,3.1,Yes,4.3,"Parking, Attached Bathroom, Study Table, Wardrobe, Security Guard, Refrigerator, Fire Safety, CCTV Surveillance, WiFi"
5151,Grand Manor,Boys,Tamil Nadu,Tiruchirappalli,Non-AC,Double,8100,2,1,Available,Yes,4.6,No,1.8,"TV, Housekeeping, Lift, Refrigerator, Hot Water Geyser, Security Guard, Laundry, Study Table"
5151,Grand Manor,Boys,Tamil Nadu,Tiruchirappalli,Non-AC,Triple,10800,3,3,Available,Yes,3.1,Yes,0.4,"Housekeeping, Study Table, Balcony, Gym Access, Lift"
5151,Grand Manor,Boys,Tamil Nadu,Tiruchirappalli,Non-AC,Single,21800,1,0,Full,Yes,4.7,Yes,0.3,"Wardrobe, Security Guard, CCTV Surveillance, RO Water, Refrigerator, WiFi, Housekeeping, Attached Bathroom, Food Included"
5152,Skyline Manor,Boys,Tamil Nadu,Tiruchirappalli,Non-AC,Double,10200,2,1,Available,No,3.5,No,3.4,"Gym Access, Housekeeping, Attached Bathroom, RO Water, Hot Water Geyser"
5152,Skyline Manor,Boys,Tamil Nadu,Tiruchirappalli,Non-AC,Four Sharing,5600,4,1,Available,Yes,3.6,Yes,4.4,"Lift, Housekeeping, CCTV Surveillance, Laundry, Balcony, Attached Bathroom, WiFi, Wardrobe, TV"
5152,Skyline Manor,Boys,Tamil Nadu,Tiruchirappalli,Non-AC,Single,20800,1,0,Full,Yes,4.9,Yes,4.2,"Balcony, Power Backup, CCTV Surveillance, Washing Machine, Refrigerator, Laundry, Wardrobe, Attached Bathroom"
5153,Ivy House,Boys,Telangana,Hyderabad,AC,Triple,8700,3,2,Available,No,3.1,No,1.2,"Laundry, RO Water, Washing Machine, Power Backup, CCTV Surveillance, Food Included, Lift, Refrigerator, Study Table, Wardrobe"
5153,Ivy House,Boys,Telangana,Hyderabad,AC,Single,28300,1,1,Available,Yes,4.7,Yes,1.3,"Laundry, Hot Water Geyser, Wardrobe, Washing Machine, Power Backup, Refrigerator, Parking, Housekeeping, WiFi"
5153,Ivy House,Boys,Telangana,Hyderabad,AC,Four Sharing,9000,4,1,Available,Yes,3.6,No,4.7,"Laundry, Fire Safety, Gym Access, CCTV Surveillance, RO Water, Attached Bathroom, Housekeeping, Study Table"
5153,Ivy House,Boys,Telangana,Hyderabad,AC,Double,12800,2,0,Full,Yes,4.1,Yes,2.0,"Study Table, Housekeeping, WiFi, CCTV Surveillance, Parking, Gym Access, Wardrobe, Attached Bathroom"
5154,Hemanth House,Boys,Telangana,Hyderabad,Non-AC,Double,13100,2,0,Full,Yes,4.9,No,2.2,"WiFi, Parking, Security Guard, Gym Access, Power Backup, Laundry, Attached Bathroom, Hot Water Geyser, Refrigerator, Housekeeping"
5154,Hemanth House,Boys,Telangana,Hyderabad,Non-AC,Four Sharing,9500,4,1,Available,No,4.0,No,4.1,"Lift, Food Included, Laundry, Power Backup, Wardrobe"
5154,Hemanth House,Boys,Telangana,Hyderabad,Non-AC,Single,17500,1,0,Full,No,4.7,No,6.4,"Food Included, Attached Bathroom, Lift, Refrigerator, Wardrobe, Housekeeping"
5155,Moon Mansion,Boys,Telangana,Warangal,AC,Single,8600,1,1,Available,Yes,3.3,Yes,1.5,"Food Included, Washing Machine, Parking, TV, RO Water, Balcony"
5155,Moon Mansion,Boys,Telangana,Warangal,AC,Four Sharing,7700,4,0,Full,No,4.0,No,7.6,"Power Backup, Wardrobe, Lift, RO Water, Gym Access, Housekeeping, TV, Attached Bathroom"
5156,Moon Nivas,Boys,Telangana,Warangal,AC,Double,10000,2,2,Available,Yes,4.4,No,5.5,"Gym Access, Washing Machine, Attached Bathroom, Study Table, WiFi, Parking, Power Backup, Food Included, Balcony"
5156,Moon Nivas,Boys,Telangana,Warangal,AC,Single,20000,1,1,Available,Yes,3.4,No,5.1,"Parking, Attached Bathroom, Balcony, CCTV Surveillance, Study Table"
5157,Mahesh Living,Boys,Telangana,Nizamabad,Non-AC,Four Sharing,7300,4,2,Available,Yes,3.5,Yes,4.3,"Housekeeping, RO Water, TV, Balcony, Washing Machine, Refrigerator, Fire Safety, Lift"
5157,Mahesh Living,Boys,Telangana,Nizamabad,Non-AC,Double,9600,2,0,Full,No,4.6,No,4.1,"Balcony, Laundry, WiFi, CCTV Surveillance, Housekeeping, Wardrobe, Lift, Attached Bathroom"
5158,Diamond House,Boys,Telangana,Nizamabad,Non-AC,Single,12200,1,0,Full,Yes,4.5,Yes,6.7,"Food Included, Gym Access, Housekeeping, Balcony, Power Backup, TV, Wardrobe, Refrigerator"
5158,Diamond House,Boys,Telangana,Nizamabad,Non-AC,Double,13100,2,1,Available,No,4.4,Yes,3.5,"Housekeeping, Wardrobe, Food Included, Power Backup, Fire Safety, TV, Hot Water Geyser, RO Water, CCTV Surveillance"
5158,Diamond House,Boys,Telangana,Nizamabad,Non-AC,Triple,4300,3,1,Available,No,3.3,Yes,1.7,"Balcony, WiFi, Gym Access, Power Backup, Study Table, Parking, Hot Water Geyser, TV, RO Water, Attached Bathroom"
5158,Diamond House,Boys,Telangana,Nizamabad,Non-AC,Four Sharing,6500,4,3,Available,No,4.8,No,4.1,"CCTV Surveillance, Security Guard, Balcony, Lift, Food Included, Parking, Study Table, RO Water, Laundry"
5159,Charan Homes,Boys,Telangana,Karimnagar,AC,Single,20900,1,0,Full,No,3.9,No,5.2,"WiFi, Food Included, Lift, Gym Access, TV, Fire Safety, Refrigerator"
5159,Charan Homes,Boys,Telangana,Karimnagar,AC,Four Sharing,3300,4,4,Available,Yes,3.8,No,0.9,"Wardrobe, Housekeeping, Hot Water Geyser, Balcony, Food Included, Attached Bathroom, Security Guard"
5159,Charan Homes,Boys,Telangana,Karimnagar,AC,Double,9000,2,0,Full,Yes,4.8,Yes,1.7,"Study Table, Parking, Security Guard, CCTV Surveillance, Refrigerator, Attached Bathroom, Washing Machine, Hot Water Geyser, Laundry, Lift"
5159,Charan Homes,Boys,Telangana,Karimnagar,AC,Triple,5000,3,0,Full,Yes,4.5,No,1.4,"Lift, Balcony, Hot Water Geyser, Power Backup, Fire Safety, Wardrobe, Gym Access, TV, Food Included"
5160,Pavan Living,Boys,Telangana,Karimnagar,Non-AC,Double,13800,2,0,Full,No,4.0,No,6.6,"Study Table, Fire Safety, Power Backup, CCTV Surveillance, Refrigerator, WiFi, RO Water"
5160,Pavan Living,Boys,Telangana,Karimnagar,Non-AC,Single,16400,1,1,Available,Yes,5.0,No,6.9,"TV, Power Backup, Food Included, RO Water, Washing Machine, Gym Access, Lift"
5160,Pavan Living,Boys,Telangana,Karimnagar,Non-AC,Triple,5400,3,0,Full,Yes,3.0,No,3.7,"Lift, Laundry, RO Water, Hot Water Geyser, Gym Access, Housekeeping, Washing Machine, CCTV Surveillance, Refrigerator"
5161,Rohit Mansion,Boys,Tripura,Agartala,AC,Single,15900,1,1,Available,Yes,4.9,No,4.1,"Power Backup, Attached Bathroom, Food Included, Refrigerator, TV"
5161,Rohit Mansion,Boys,Tripura,Agartala,AC,Double,9300,2,1,Available,Yes,4.1,No,5.0,"Housekeeping, Parking, Hot Water Geyser, Refrigerator, Wardrobe, CCTV Surveillance, RO Water"
5161,Rohit Mansion,Boys,Tripura,Agartala,AC,Triple,9100,3,0,Full,No,4.2,No,6.6,"WiFi, Laundry, Housekeeping, Power Backup, RO Water, Balcony, Attached Bathroom, CCTV Surveillance, Gym Access"
5162,Moon Homes,Boys,Tripura,Agartala,Non-AC,Single,17100,1,0,Full,No,3.7,Yes,5.9,"Washing Machine, Attached Bathroom, CCTV Surveillance, Food Included, Housekeeping, Balcony, Parking, Security Guard, Study Table, RO Water"
5162,Moon Homes,Boys,Tripura,Agartala,Non-AC,Four Sharing,4900,4,4,Available,No,4.3,Yes,6.3,"Washing Machine, Refrigerator, Power Backup, Food Included, Laundry, CCTV Surveillance"
5163,Royal Hostel,Boys,Uttar Pradesh,Lucknow,AC,Double,7500,2,1,Available,Yes,3.7,No,0.5,"Parking, Gym Access, Power Backup, Food Included, Washing Machine, Housekeeping"
5163,Royal Hostel,Boys,Uttar Pradesh,Lucknow,AC,Four Sharing,3300,4,4,Available,No,3.1,Yes,3.6,"Refrigerator, Security Guard, Food Included, Gym Access, Laundry, Washing Machine, Fire Safety, Wardrobe"
5164,Ramanandhana House,Boys,Uttar Pradesh,Lucknow,Non-AC,Double,7900,2,1,Available,Yes,4.7,No,0.6,"Hot Water Geyser, WiFi, Fire Safety, Housekeeping, Lift"
5164,Ramanandhana House,Boys,Uttar Pradesh,Lucknow,Non-AC,Four Sharing,6100,4,4,Available,Yes,5.0,No,6.6,"Power Backup, WiFi, Study Table, Parking, CCTV Surveillance, Laundry, Washing Machine, Fire Safety, Attached Bathroom"
5165,Rohit Stay,Boys,Uttar Pradesh,Kanpur,AC,Double,10700,2,0,Full,Yes,4.5,No,3.1,"Power Backup, Study Table, Balcony, Security Guard, Refrigerator, Wardrobe, Laundry, WiFi, Fire Safety"
5165,Rohit Stay,Boys,Uttar Pradesh,Kanpur,AC,Four Sharing,4800,4,3,Available,Yes,4.4,Yes,1.6,"Laundry, Balcony, Study Table, Gym Access, Refrigerator, Attached Bathroom"
5166,Yaswanth Living,Boys,Uttar Pradesh,Kanpur,Non-AC,Triple,8000,3,1,Available,Yes,4.0,No,7.4,"Housekeeping, Parking, Security Guard, Balcony, CCTV Surveillance, Wardrobe, Fire Safety, Study Table"
5166,Yaswanth Living,Boys,Uttar Pradesh,Kanpur,Non-AC,Single,13300,1,1,Available,No,3.2,No,1.6,"TV, Security Guard, Washing Machine, Lift, Food Included, Fire Safety, Laundry, Study Table, Parking"
5166,Yaswanth Living,Boys,Uttar Pradesh,Kanpur,Non-AC,Four Sharing,7900,4,2,Available,Yes,3.6,Yes,3.9,"RO Water, Gym Access, WiFi, Lift, Attached Bathroom, Hot Water Geyser, Laundry, CCTV Surveillance, TV, Wardrobe"
5167,Trinath Comforts,Boys,Uttar Pradesh,Noida,AC,Four Sharing,3700,4,0,Full,No,3.6,Yes,2.4,"Balcony, CCTV Surveillance, Hot Water Geyser, Laundry, Food Included, Study Table, Security Guard, Parking, WiFi, TV"
5167,Trinath Comforts,Boys,Uttar Pradesh,Noida,AC,Triple,6200,3,3,Available,No,5.0,Yes,4.8,"RO Water, Laundry, Gym Access, WiFi, Balcony, Housekeeping"
5168,Sandeep Villa,Boys,Uttar Pradesh,Noida,Non-AC,Four Sharing,6700,4,3,Available,Yes,3.1,Yes,0.3,"Refrigerator, Lift, WiFi, Attached Bathroom, TV, Hot Water Geyser, Wardrobe, Laundry, Washing Machine"
5168,Sandeep Villa,Boys,Uttar Pradesh,Noida,Non-AC,Double,6900,2,2,Available,No,4.8,Yes,5.7,"Washing Machine, Wardrobe, Hot Water Geyser, CCTV Surveillance, Fire Safety, Parking, WiFi"
5168,Sandeep Villa,Boys,Uttar Pradesh,Noida,Non-AC,Single,8500,1,1,Available,No,3.3,Yes,6.7,"Refrigerator, Wardrobe, TV, Gym Access, Laundry, Study Table, Security Guard, RO Water, Food Included, Washing Machine"
5169,Raju Mansion,Boys,Uttar Pradesh,Varanasi,Non-AC,Double,6900,2,2,Available,No,4.6,Yes,6.8,"Parking, Laundry, Gym Access, Refrigerator, TV, RO Water, Hot Water Geyser, Wardrobe"
5169,Raju Mansion,Boys,Uttar Pradesh,Varanasi,Non-AC,Single,19500,1,0,Full,No,3.5,No,0.8,"Power Backup, TV, Attached Bathroom, CCTV Surveillance, Security Guard, Refrigerator, Study Table, Balcony, Lift, Hot Water Geyser"
5169,Raju Mansion,Boys,Uttar Pradesh,Varanasi,Non-AC,Triple,9600,3,2,Available,No,3.8,No,6.4,"Power Backup, Balcony, TV, Washing Machine, Wardrobe, Study Table, RO Water"
5169,Raju Mansion,Boys,Uttar Pradesh,Varanasi,Non-AC,Four Sharing,3700,4,1,Available,Yes,3.8,No,3.0,"Parking, Attached Bathroom, CCTV Surveillance, Refrigerator, Housekeeping, Lift, Wardrobe"
5170,Akhil Homes,Boys,Uttar Pradesh,Varanasi,AC,Four Sharing,3300,4,2,Available,No,4.9,No,4.5,"Wardrobe, Fire Safety, Lift, Study Table, Laundry, Security Guard, Attached Bathroom"
5170,Akhil Homes,Boys,Uttar Pradesh,Varanasi,AC,Double,12700,2,1,Available,No,4.1,Yes,3.0,"RO Water, Security Guard, Housekeeping, Study Table, Gym Access, Attached Bathroom, CCTV Surveillance, Food Included, Power Backup, Washing Machine"
5170,Akhil Homes,Boys,Uttar Pradesh,Varanasi,AC,Single,18100,1,0,Full,No,4.6,Yes,6.2,"Gym Access, Refrigerator, Laundry, Washing Machine, Housekeeping, Fire Safety, Hot Water Geyser"
5171,Vijay Villa,Boys,Uttarakhand,Dehradun,AC,Double,9200,2,1,Available,No,4.3,Yes,4.0,"Lift, Refrigerator, Laundry, TV, Housekeeping, Power Backup, RO Water, Washing Machine, Security Guard, Food Included"
5171,Vijay Villa,Boys,Uttarakhand,Dehradun,AC,Triple,6800,3,2,Available,No,4.8,Yes,2.1,"Study Table, Attached Bathroom, Wardrobe, Hot Water Geyser, Fire Safety, Food Included, WiFi, Balcony, Housekeeping, CCTV Surveillance"
5171,Vijay Villa,Boys,Uttarakhand,Dehradun,AC,Single,12300,1,0,Full,No,3.8,No,6.3,"Balcony, Refrigerator, Power Backup, TV, Housekeeping, Hot Water Geyser, CCTV Surveillance, Washing Machine, RO Water"
5171,Vijay Villa,Boys,Uttarakhand,Dehradun,AC,Four Sharing,6300,4,4,Available,Yes,4.8,No,1.0,"Study Table, Security Guard, Parking, Housekeeping, Laundry, RO Water, Refrigerator"
5172,Sandeep Living,Boys,Uttarakhand,Dehradun,Non-AC,Triple,4400,3,3,Available,Yes,3.6,No,1.3,"Refrigerator, Study Table, TV, Washing Machine, Attached Bathroom, Lift, Balcony, Laundry, WiFi, Gym Access"
5172,Sandeep Living,Boys,Uttarakhand,Dehradun,Non-AC,Single,13900,1,1,Available,No,4.2,No,5.7,"CCTV Surveillance, Gym Access, Wardrobe, Parking, Housekeeping, Food Included"
5173,Uday Nilayam,Boys,Uttarakhand,Haridwar,AC,Single,21500,1,1,Available,No,4.2,Yes,6.3,"Housekeeping, Lift, Hot Water Geyser, Power Backup, Laundry"
5173,Uday Nilayam,Boys,Uttarakhand,Haridwar,AC,Four Sharing,5600,4,3,Available,Yes,4.0,No,2.8,"Security Guard, Fire Safety, Washing Machine, Housekeeping, Hot Water Geyser, RO Water, Wardrobe, CCTV Surveillance"
5174,Rose Nivas,Boys,Uttarakhand,Haridwar,Non-AC,Triple,8900,3,2,Available,No,3.8,No,4.8,"TV, Food Included, Lift, Fire Safety, CCTV Surveillance, Security Guard, Power Backup, Parking"
5174,Rose Nivas,Boys,Uttarakhand,Haridwar,Non-AC,Single,18500,1,1,Available,No,4.4,No,1.0,"CCTV Surveillance, Hot Water Geyser, Washing Machine, Attached Bathroom, Study Table, Balcony, Fire Safety, Power Backup, WiFi, Gym Access"
5175,Elite Lodge,Boys,Uttarakhand,Nainital,Non-AC,Four Sharing,3500,4,1,Available,No,3.1,No,5.4,"Balcony, Power Backup, TV, Security Guard, Washing Machine, Lift"
5175,Elite Lodge,Boys,Uttarakhand,Nainital,Non-AC,Triple,7500,3,2,Available,No,3.5,No,1.2,"Laundry, Parking, WiFi, Attached Bathroom, Washing Machine, RO Water, Wardrobe"
5175,Elite Lodge,Boys,Uttarakhand,Nainital,Non-AC,Single,15500,1,1,Available,No,3.1,No,3.1,"Food Included, Housekeeping, Attached Bathroom, Hot Water Geyser, CCTV Surveillance, Security Guard"
5175,Elite Lodge,Boys,Uttarakhand,Nainital,Non-AC,Double,7400,2,2,Available,No,3.9,No,2.1,"Balcony, TV, Wardrobe, Housekeeping, RO Water"
5176,Praveen Mansion,Boys,Uttarakhand,Nainital,Non-AC,Four Sharing,7300,4,0,Full,Yes,4.1,No,6.5,"Gym Access, Lift, Parking, Washing Machine, Laundry, Food Included"
5176,Praveen Mansion,Boys,Uttarakhand,Nainital,Non-AC,Triple,9800,3,0,Full,No,4.0,No,3.0,"TV, Refrigerator, Parking, RO Water, Wardrobe, CCTV Surveillance, WiFi, Food Included, Housekeeping, Balcony"
5177,Ocean Villa,Boys,West Bengal,Kolkata,Non-AC,Single,13000,1,0,Full,No,4.1,No,5.8,"Parking, Washing Machine, Refrigerator, Laundry, Wardrobe"
5177,Ocean Villa,Boys,West Bengal,Kolkata,Non-AC,Four Sharing,6500,4,1,Available,No,4.0,Yes,6.8,"WiFi, Parking, Laundry, Refrigerator, Lift, Fire Safety"
5177,Ocean Villa,Boys,West Bengal,Kolkata,Non-AC,Double,12300,2,0,Full,No,4.9,Yes,5.2,"RO Water, Power Backup, Refrigerator, Lift, Hot Water Geyser, Laundry, WiFi, Housekeeping"
5177,Ocean Villa,Boys,West Bengal,Kolkata,Non-AC,Triple,10200,3,3,Available,Yes,4.5,No,7.6,"WiFi, TV, Wardrobe, Refrigerator, Attached Bathroom"
5178,Lokesh Mansion,Boys,West Bengal,Kolkata,AC,Triple,8000,3,0,Full,No,4.2,No,5.6,"Refrigerator, Food Included, Fire Safety, Study Table, WiFi, Wardrobe, Power Backup, Balcony, CCTV Surveillance"
5178,Lokesh Mansion,Boys,West Bengal,Kolkata,AC,Single,22600,1,0,Full,Yes,3.4,Yes,2.8,"Housekeeping, Parking, Study Table, WiFi, Lift, Food Included, TV, Refrigerator, Balcony"
5178,Lokesh Mansion,Boys,West Bengal,Kolkata,AC,Double,17100,2,0,Full,No,3.1,Yes,0.4,"Washing Machine, Balcony, Gym Access, Attached Bathroom, Security Guard, Housekeeping, Wardrobe, Lift"
5179,Uday PG,Boys,West Bengal,Howrah,AC,Four Sharing,4400,4,1,Available,Yes,3.8,No,3.8,"Laundry, TV, Food Included, Power Backup, CCTV Surveillance"
5179,Uday PG,Boys,West Bengal,Howrah,AC,Double,6400,2,0,Full,Yes,4.6,Yes,1.7,"Hot Water Geyser, Security Guard, Washing Machine, Fire Safety, Gym Access, Housekeeping, Study Table, Balcony"
5179,Uday PG,Boys,West Bengal,Howrah,AC,Single,10100,1,0,Full,Yes,4.9,Yes,4.5,"Parking, Laundry, CCTV Surveillance, Refrigerator, Hot Water Geyser, Food Included, Security Guard, Lift"
5179,Uday PG,Boys,West Bengal,Howrah,AC,Triple,10500,3,2,Available,Yes,3.6,Yes,7.1,"TV, Housekeeping, Food Included, Study Table, Lift, Refrigerator"
5180,Adarsh Stay,Boys,West Bengal,Howrah,AC,Four Sharing,4900,4,0,Full,Yes,3.7,Yes,3.7,"Power Backup, Gym Access, Refrigerator, Wardrobe, Study Table, Parking, Balcony, Lift, Food Included"
5180,Adarsh Stay,Boys,West Bengal,Howrah,AC,Double,9800,2,0,Full,Yes,4.6,Yes,7.0,"Hot Water Geyser, Study Table, Housekeeping, TV, Balcony, Parking, Power Backup, Refrigerator, Laundry"
5180,Adarsh Stay,Boys,West Bengal,Howrah,AC,Triple,6100,3,2,Available,Yes,3.8,Yes,7.6,"Attached Bathroom, Gym Access, Laundry, Balcony, Fire Safety, RO Water, Security Guard, Housekeeping, TV, Refrigerator"
5180,Adarsh Stay,Boys,West Bengal,Howrah,AC,Single,18400,1,1,Available,No,4.3,Yes,4.7,"Washing Machine, Balcony, Refrigerator, Attached Bathroom, Study Table, Laundry, Housekeeping, Hot Water Geyser, Parking"
5181,Metro Living,Boys,West Bengal,Siliguri,AC,Triple,10900,3,1,Available,Yes,4.5,Yes,7.6,"WiFi, Wardrobe, Lift, Power Backup, TV, Food Included, Study Table"
5181,Metro Living,Boys,West Bengal,Siliguri,AC,Four Sharing,7100,4,0,Full,No,3.8,No,6.6,"Hot Water Geyser, Power Backup, TV, Fire Safety, RO Water, Wardrobe, Laundry"
5181,Metro Living,Boys,West Bengal,Siliguri,AC,Double,9100,2,0,Full,No,3.3,Yes,5.3,"WiFi, Balcony, Attached Bathroom, RO Water, Food Included, Power Backup, Fire Safety, Housekeeping, Refrigerator, Wardrobe"
5182,Akhil Stay,Boys,West Bengal,Siliguri,Non-AC,Single,9600,1,1,Available,Yes,4.5,Yes,3.2,"Gym Access, Power Backup, Housekeeping, Security Guard, RO Water, Lift, TV, Balcony"
5182,Akhil Stay,Boys,West Bengal,Siliguri,Non-AC,Triple,5500,3,2,Available,No,4.8,Yes,1.4,"Balcony, Attached Bathroom, Fire Safety, WiFi, Food Included, Power Backup, Housekeeping"
5182,Akhil Stay,Boys,West Bengal,Siliguri,Non-AC,Four Sharing,3800,4,3,Available,Yes,4.5,Yes,5.9,"WiFi, Housekeeping, Security Guard, Balcony, Wardrobe, RO Water"
5183,Mahesh Comforts,Boys,West Bengal,Durgapur,Non-AC,Four Sharing,4000,4,2,Available,Yes,3.3,No,7.4,"Parking, Fire Safety, Refrigerator, WiFi, Hot Water Geyser, RO Water, CCTV Surveillance"
5183,Mahesh Comforts,Boys,West Bengal,Durgapur,Non-AC,Triple,5100,3,1,Available,Yes,4.0,No,8.0,"WiFi, Security Guard, TV, Parking, Lift, RO Water, Food Included, Study Table, CCTV Surveillance"
5184,Aspen Villa,Boys,West Bengal,Durgapur,AC,Four Sharing,8200,4,3,Available,No,3.2,No,7.0,"Laundry, Balcony, Wardrobe, Lift, RO Water, WiFi, Hot Water Geyser, CCTV Surveillance, Refrigerator, Attached Bathroom"
5184,Aspen Villa,Boys,West Bengal,Durgapur,AC,Single,19300,1,0,Full,No,3.4,Yes,2.3,"Laundry, Housekeeping, Wardrobe, TV, WiFi, Hot Water Geyser, Fire Safety, Gym Access, Study Table, Refrigerator"
5185,Star Manor,Boys,Delhi (NCT),New Delhi,Non-AC,Triple,8900,3,1,Available,Yes,3.8,No,4.6,"Wardrobe, Laundry, Parking, Study Table, Fire Safety, Attached Bathroom, Hot Water Geyser"
5185,Star Manor,Boys,Delhi (NCT),New Delhi,Non-AC,Four Sharing,4300,4,3,Available,Yes,3.8,Yes,2.3,"Fire Safety, Hot Water Geyser, Parking, Housekeeping, RO Water, Wardrobe, Washing Machine, CCTV Surveillance"
5185,Star Manor,Boys,Delhi (NCT),New Delhi,Non-AC,Single,17500,1,1,Available,Yes,3.2,No,0.3,"Gym Access, Fire Safety, Security Guard, Lift, Power Backup, WiFi, Housekeeping"
5186,Urban Cottage,Boys,Delhi (NCT),New Delhi,Non-AC,Double,6100,2,2,Available,No,4.7,No,2.4,"Housekeeping, Refrigerator, Fire Safety, Study Table, Security Guard, Washing Machine, Food Included"
5186,Urban Cottage,Boys,Delhi (NCT),New Delhi,Non-AC,Four Sharing,5100,4,3,Available,No,3.2,No,2.7,"TV, Attached Bathroom, Fire Safety, Power Backup, Wardrobe, Gym Access, Lift, Security Guard"
5186,Urban Cottage,Boys,Delhi (NCT),New Delhi,Non-AC,Single,10400,1,0,Full,Yes,4.3,Yes,7.0,"Washing Machine, TV, WiFi, Lift, Study Table, Attached Bathroom, Refrigerator"
5187,Omkar House,Boys,Delhi (NCT),Dwarka,Non-AC,Double,6900,2,2,Available,Yes,3.7,Yes,6.9,"Attached Bathroom, Lift, Housekeeping, Washing Machine, Study Table, Parking, Laundry, RO Water, Fire Safety"
5187,Omkar House,Boys,Delhi (NCT),Dwarka,Non-AC,Single,11000,1,0,Full,No,3.6,Yes,6.3,"Wardrobe, TV, Refrigerator, Washing Machine, Hot Water Geyser, Balcony"
5188,Lokesh Residency,Boys,Delhi (NCT),Dwarka,Non-AC,Four Sharing,4200,4,2,Available,Yes,4.3,No,0.8,"Food Included, Washing Machine, Refrigerator, CCTV Surveillance, Fire Safety, Laundry, Power Backup, RO Water, Lift"
5188,Lokesh Residency,Boys,Delhi (NCT),Dwarka,Non-AC,Double,6500,2,0,Full,Yes,3.3,Yes,3.5,"TV, Housekeeping, Refrigerator, Gym Access, Washing Machine, Security Guard, RO Water"
5188,Lokesh Residency,Boys,Delhi (NCT),Dwarka,Non-AC,Triple,10700,3,2,Available,Yes,3.3,No,4.8,"Housekeeping, Gym Access, Study Table, Lift, Attached Bathroom, Laundry, Wardrobe, CCTV Surveillance"
5188,Lokesh Residency,Boys,Delhi (NCT),Dwarka,Non-AC,Single,21600,1,1,Available,No,3.8,No,6.3,"Fire Safety, Power Backup, Wardrobe, RO Water, TV, Lift, WiFi"
5189,Bharadwaj Manor,Boys,Delhi (NCT),Rohini,Non-AC,Single,8700,1,0,Full,Yes,4.0,Yes,4.1,"Parking, Balcony, CCTV Surveillance, Laundry, Housekeeping, Gym Access, Wardrobe, Power Backup"
5189,Bharadwaj Manor,Boys,Delhi (NCT),Rohini,Non-AC,Four Sharing,7900,4,1,Available,Yes,3.5,Yes,3.8,"Study Table, TV, Security Guard, Food Included, WiFi, Balcony, CCTV Surveillance, Fire Safety, Refrigerator, Lift"
5190,Sunrise House,Boys,Delhi (NCT),Rohini,Non-AC,Four Sharing,4900,4,2,Available,Yes,3.3,Yes,7.8,"Hot Water Geyser, Laundry, TV, Refrigerator, Attached Bathroom, Fire Safety, Housekeeping, Lift, CCTV Surveillance, Parking"
5190,Sunrise House,Boys,Delhi (NCT),Rohini,Non-AC,Double,12900,2,0,Full,No,3.1,Yes,2.5,"Gym Access, TV, Refrigerator, Laundry, Study Table, RO Water, Housekeeping"
5190,Sunrise House,Boys,Delhi (NCT),Rohini,Non-AC,Single,14700,1,1,Available,No,4.2,Yes,1.9,"Balcony, RO Water, Refrigerator, Wardrobe, Housekeeping, Power Backup"
5190,Sunrise House,Boys,Delhi (NCT),Rohini,Non-AC,Triple,8500,3,1,Available,No,3.6,Yes,6.0,"Power Backup, CCTV Surveillance, Security Guard, Hot Water Geyser, WiFi, Wardrobe, TV, Gym Access, Study Table, Balcony"
5191,Lake Nivas,Boys,Jammu and Kashmir,Srinagar,AC,Triple,5100,3,3,Available,No,4.6,Yes,5.1,"Washing Machine, Food Included, TV, Hot Water Geyser, Laundry"
5191,Lake Nivas,Boys,Jammu and Kashmir,Srinagar,AC,Four Sharing,6300,4,1,Available,No,4.3,Yes,7.9,"Housekeeping, Study Table, TV, WiFi, RO Water, Power Backup"
5191,Lake Nivas,Boys,Jammu and Kashmir,Srinagar,AC,Double,11100,2,2,Available,No,3.1,No,5.2,"TV, Gym Access, WiFi, Parking, Lift, Attached Bathroom, Washing Machine"
5191,Lake Nivas,Boys,Jammu and Kashmir,Srinagar,AC,Single,9800,1,0,Full,No,3.2,Yes,2.3,"Gym Access, WiFi, CCTV Surveillance, Balcony, Housekeeping, Washing Machine, Wardrobe"
5192,Cedar House,Boys,Jammu and Kashmir,Srinagar,Non-AC,Double,11300,2,1,Available,Yes,3.4,Yes,4.7,"Food Included, Study Table, Refrigerator, WiFi, Lift, Wardrobe, Parking"
5192,Cedar House,Boys,Jammu and Kashmir,Srinagar,Non-AC,Triple,10600,3,2,Available,No,4.9,No,4.7,"Housekeeping, TV, Balcony, Washing Machine, Security Guard, CCTV Surveillance, Laundry, RO Water, Wardrobe, Parking"
5192,Cedar House,Boys,Jammu and Kashmir,Srinagar,Non-AC,Single,8300,1,1,Available,Yes,4.1,No,2.0,"Power Backup, Housekeeping, Fire Safety, Lift, Food Included, RO Water, Wardrobe, Parking"
5192,Cedar House,Boys,Jammu and Kashmir,Srinagar,Non-AC,Four Sharing,8300,4,2,Available,No,4.6,No,2.6,"Hot Water Geyser, RO Water, Wardrobe, Study Table, WiFi, Laundry, Power Backup"
5193,Star Comforts,Boys,Jammu and Kashmir,Jammu,Non-AC,Single,13800,1,0,Full,Yes,4.3,No,5.4,"Hot Water Geyser, Wardrobe, Balcony, Refrigerator, Parking, Study Table, Fire Safety, Gym Access, Lift"
5193,Star Comforts,Boys,Jammu and Kashmir,Jammu,Non-AC,Double,13600,2,0,Full,Yes,3.3,Yes,4.5,"Wardrobe, WiFi, Hot Water Geyser, Parking, Gym Access"
5193,Star Comforts,Boys,Jammu and Kashmir,Jammu,Non-AC,Triple,10400,3,1,Available,Yes,4.6,Yes,7.1,"TV, Parking, Study Table, Laundry, Gym Access"
5194,Rohit House,Boys,Jammu and Kashmir,Jammu,AC,Double,11000,2,1,Available,No,3.9,No,3.1,"RO Water, CCTV Surveillance, Lift, Parking, Wardrobe, Balcony, TV, WiFi"
5194,Rohit House,Boys,Jammu and Kashmir,Jammu,AC,Triple,6900,3,1,Available,No,4.8,No,4.3,"Wardrobe, Study Table, Power Backup, Hot Water Geyser, RO Water, CCTV Surveillance, Attached Bathroom, Food Included, Gym Access"
5195,Sathwik Palace,Boys,Puducherry,Puducherry,Non-AC,Triple,6800,3,0,Full,No,3.2,No,5.6,"Security Guard, Fire Safety, Lift, Balcony, Gym Access, Attached Bathroom"
5195,Sathwik Palace,Boys,Puducherry,Puducherry,Non-AC,Four Sharing,6200,4,3,Available,Yes,3.4,No,1.2,"Fire Safety, Hot Water Geyser, Lift, RO Water, Parking, Washing Machine"
5195,Sathwik Palace,Boys,Puducherry,Puducherry,Non-AC,Single,8000,1,1,Available,No,3.0,Yes,7.9,"Parking, Wardrobe, Hot Water Geyser, Gym Access, Fire Safety, TV, Refrigerator, Attached Bathroom"
5195,Sathwik Palace,Boys,Puducherry,Puducherry,Non-AC,Double,8500,2,2,Available,Yes,4.8,No,0.2,"Balcony, WiFi, Attached Bathroom, Security Guard, Refrigerator, Fire Safety, Gym Access, Parking, Housekeeping"
5196,Lake Mansion,Boys,Puducherry,Puducherry,Non-AC,Four Sharing,3900,4,1,Available,Yes,3.4,Yes,5.7,"Fire Safety, TV, Power Backup, Balcony, Refrigerator"
5196,Lake Mansion,Boys,Puducherry,Puducherry,Non-AC,Triple,7400,3,1,Available,No,3.3,Yes,7.7,"Gym Access, Wardrobe, Food Included, Refrigerator, Laundry"
5197,Kiran Hostel,Boys,Chandigarh,Chandigarh,AC,Single,12700,1,0,Full,No,3.2,No,0.2,"Balcony, TV, Parking, Hot Water Geyser, Refrigerator, CCTV Surveillance, Washing Machine, Power Backup, Lift"
5197,Kiran Hostel,Boys,Chandigarh,Chandigarh,AC,Four Sharing,6400,4,1,Available,Yes,3.5,Yes,1.2,"Attached Bathroom, Wardrobe, Study Table, Hot Water Geyser, WiFi"
5197,Kiran Hostel,Boys,Chandigarh,Chandigarh,AC,Double,9100,2,0,Full,Yes,3.9,No,6.6,"Balcony, RO Water, Attached Bathroom, Security Guard, Laundry"
5197,Kiran Hostel,Boys,Chandigarh,Chandigarh,AC,Triple,10400,3,0,Full,No,4.3,Yes,5.6,"Laundry, Attached Bathroom, Gym Access, Hot Water Geyser, CCTV Surveillance"
5198,Silver Living,Boys,Chandigarh,Chandigarh,Non-AC,Double,7300,2,2,Available,No,5.0,No,4.5,"Fire Safety, Attached Bathroom, CCTV Surveillance, TV, Housekeeping, RO Water, Parking, Laundry, Gym Access"
5198,Silver Living,Boys,Chandigarh,Chandigarh,Non-AC,Single,18100,1,0,Full,Yes,4.7,Yes,7.1,"Laundry, Washing Machine, Refrigerator, Wardrobe, Fire Safety, Security Guard, Balcony, Attached Bathroom, Power Backup"
5198,Silver Living,Boys,Chandigarh,Chandigarh,Non-AC,Four Sharing,5400,4,3,Available,No,3.9,No,1.5,"Laundry, Balcony, CCTV Surveillance, Wardrobe, Washing Machine, Attached Bathroom, WiFi"
